-- phpMyAdmin SQL Dump
-- version 5.0.2
-- https://www.phpmyadmin.net/
--
-- Host: 127.0.0.1
-- Generation Time: Nov 26, 2020 at 09:58 PM
-- Server version: 10.4.13-MariaDB
-- PHP Version: 7.4.8

SET SQL_MODE = "NO_AUTO_VALUE_ON_ZERO";
START TRANSACTION;
SET time_zone = "+00:00";


/*!40101 SET @OLD_CHARACTER_SET_CLIENT=@@CHARACTER_SET_CLIENT */;
/*!40101 SET @OLD_CHARACTER_SET_RESULTS=@@CHARACTER_SET_RESULTS */;
/*!40101 SET @OLD_COLLATION_CONNECTION=@@COLLATION_CONNECTION */;
/*!40101 SET NAMES utf8mb4 */;

--
-- Database: `kingcommerce`
--

-- --------------------------------------------------------

--
-- Table structure for table `admins`
--

CREATE TABLE `admins` (
  `id` int(10) UNSIGNED NOT NULL,
  `name` varchar(191) COLLATE utf8mb4_unicode_ci NOT NULL,
  `email` varchar(191) COLLATE utf8mb4_unicode_ci NOT NULL,
  `phone` varchar(191) COLLATE utf8mb4_unicode_ci NOT NULL,
  `role_id` int(191) NOT NULL DEFAULT 0,
  `photo` varchar(191) COLLATE utf8mb4_unicode_ci DEFAULT NULL,
  `password` varchar(191) COLLATE utf8mb4_unicode_ci NOT NULL,
  `status` tinyint(4) NOT NULL DEFAULT 1,
  `remember_token` varchar(100) COLLATE utf8mb4_unicode_ci DEFAULT NULL,
  `created_at` timestamp NULL DEFAULT NULL,
  `updated_at` timestamp NULL DEFAULT NULL,
  `shop_name` text COLLATE utf8mb4_unicode_ci DEFAULT NULL
) ENGINE=InnoDB DEFAULT CHARSET=utf8mb4 COLLATE=utf8mb4_unicode_ci;

--
-- Dumping data for table `admins`
--

INSERT INTO `admins` (`id`, `name`, `email`, `phone`, `role_id`, `photo`, `password`, `status`, `remember_token`, `created_at`, `updated_at`, `shop_name`) VALUES
(1, 'Admin', 'admin@gmail.com', '01629552892', 0, '1556780563user.png', '$2y$10$p35S2FczpEfpbe41CX4j4.XE548tHBtF5weGLPxZ56MX5dsOFtaCC', 1, '3x9wiFSqbiDGs0KIj78UnjhLusEjnke67bjvsGwLFDMw327AAAK81mjjc4QN', '2018-02-28 23:27:08', '2019-07-26 21:21:32', 'Genius Store'),
(5, 'Mr Mamun', 'mamun@gmail.com', '34534534', 17, '1568803644User.png', '$2y$10$3AEjcvFBiQHECgtH9ivXTeQZfMf.rw318G820TtVBsYaCt7UNOwGC', 1, NULL, '2019-09-18 04:47:24', '2019-09-18 21:21:49', NULL),
(6, 'Mr. Manik', 'manik@gmail.com', '5079956958', 18, '1568863361user-admin.png', '$2y$10$Z3Jx5jHjV2m4HtZHzeaKMuwxkLAKfJ1AX3Ed5MPACvFJLFkEWN9L.', 1, NULL, '2019-09-18 21:22:41', '2019-09-18 21:22:41', NULL),
(7, 'Mr. Pratik', 'pratik@gmail.com', '34534534', 16, '1568863396user-admin.png', '$2y$10$jtFbtSa9nMeTX5cFPLeY0epmoFUSO7.DswsJLlau6uLowLz4qlNBW', 1, 'iZPbEaxjSWBJMvncLqeMtAQsG7VoSirVMJ1EBfdJogvgXK2DM5mw236fBCOq', '2019-09-18 21:23:16', '2019-09-18 21:23:16', NULL);

-- --------------------------------------------------------

--
-- Table structure for table `admin_languages`
--

CREATE TABLE `admin_languages` (
  `id` int(191) NOT NULL,
  `is_default` tinyint(1) NOT NULL DEFAULT 0,
  `language` varchar(100) CHARACTER SET utf8mb4 COLLATE utf8mb4_unicode_ci NOT NULL,
  `file` varchar(100) CHARACTER SET utf8mb4 COLLATE utf8mb4_unicode_ci NOT NULL,
  `name` varchar(100) CHARACTER SET utf8mb4 COLLATE utf8mb4_unicode_ci NOT NULL,
  `rtl` tinyint(1) NOT NULL DEFAULT 0
) ENGINE=InnoDB DEFAULT CHARSET=latin1;

--
-- Dumping data for table `admin_languages`
--

INSERT INTO `admin_languages` (`id`, `is_default`, `language`, `file`, `name`, `rtl`) VALUES
(1, 1, 'English', '1567232745AoOcvCtY.json', '1567232745AoOcvCtY', 0);

-- --------------------------------------------------------

--
-- Table structure for table `admin_user_conversations`
--

CREATE TABLE `admin_user_conversations` (
  `id` int(191) NOT NULL,
  `subject` varchar(191) CHARACTER SET utf8mb4 COLLATE utf8mb4_unicode_ci NOT NULL,
  `user_id` int(191) NOT NULL,
  `message` text CHARACTER SET utf8mb4 COLLATE utf8mb4_unicode_ci NOT NULL,
  `created_at` timestamp NULL DEFAULT NULL,
  `updated_at` timestamp NULL DEFAULT NULL,
  `type` enum('Ticket','Dispute') CHARACTER SET utf8mb4 COLLATE utf8mb4_unicode_ci DEFAULT NULL,
  `order_number` text CHARACTER SET utf8mb4 COLLATE utf8mb4_unicode_ci DEFAULT NULL
) ENGINE=InnoDB DEFAULT CHARSET=latin1;

--
-- Dumping data for table `admin_user_conversations`
--

INSERT INTO `admin_user_conversations` (`id`, `subject`, `user_id`, `message`, `created_at`, `updated_at`, `type`, `order_number`) VALUES
(1, 'Inquirement', 29, 'this is test e-mail.', '2020-11-21 19:23:22', '2020-11-21 19:23:22', NULL, NULL),
(2, 'Inquirement', 29, 'this is out test e-mail.', '2020-11-21 19:30:55', '2020-11-21 19:30:55', NULL, NULL),
(3, 'I want to buy this truck', 29, 'How are you? \nThis is my favorite truck.\npleas let me know.', '2020-11-22 22:12:26', '2020-11-22 22:12:26', 'Ticket', NULL),
(4, 'Inquirement', 29, 'I will send you  this message as testing.\nthank you!', '2020-11-22 22:19:37', '2020-11-22 22:19:37', NULL, NULL),
(5, 'I want you.', 29, 'I do want you. I miss you. I love you. I do want you. I miss you. I love you. I do want you. I miss you. I love you. I do want you. I miss you. I love you. I do want you. I miss you. I love you.', '2020-11-25 09:27:11', '2020-11-25 09:27:11', NULL, NULL),
(6, 'helloworld', 34, 'helloworld', '2020-11-25 12:55:14', '2020-11-25 12:55:14', NULL, NULL),
(7, 'sesersr', 30, 'fdxdrxdrxdrxsrxrdx', '2020-11-25 13:05:01', '2020-11-25 13:05:01', NULL, NULL),
(8, 'dfdsfds', 34, 'sdfsdvdvxvxdzdfdvd', '2020-11-25 13:17:16', '2020-11-25 13:17:16', NULL, NULL),
(9, 'asdfasdf', 34, 'safdasdf', '2020-11-25 13:27:45', '2020-11-25 13:27:45', NULL, NULL);

-- --------------------------------------------------------

--
-- Table structure for table `admin_user_messages`
--

CREATE TABLE `admin_user_messages` (
  `id` int(191) NOT NULL,
  `conversation_id` int(191) NOT NULL,
  `message` text CHARACTER SET utf8mb4 COLLATE utf8mb4_unicode_ci NOT NULL,
  `user_id` int(191) DEFAULT NULL,
  `created_at` timestamp NULL DEFAULT NULL,
  `updated_at` timestamp NULL DEFAULT NULL
) ENGINE=InnoDB DEFAULT CHARSET=latin1;

--
-- Dumping data for table `admin_user_messages`
--

INSERT INTO `admin_user_messages` (`id`, `conversation_id`, `message`, `user_id`, `created_at`, `updated_at`) VALUES
(1, 1, 'this is test e-mail.', NULL, '2020-11-21 19:23:23', '2020-11-21 19:23:23'),
(2, 2, 'this is out test e-mail.', NULL, '2020-11-21 19:30:55', '2020-11-21 19:30:55'),
(3, 3, 'How are you? \nThis is my favorite truck.\npleas let me know.', 29, '2020-11-22 22:12:26', '2020-11-22 22:12:26'),
(4, 4, 'I will send you  this message as testing.\nthank you!', NULL, '2020-11-22 22:19:37', '2020-11-22 22:19:37'),
(5, 3, 'this  is my replying message.', NULL, '2020-11-22 22:22:15', '2020-11-22 22:22:15'),
(6, 5, 'I do want you. I miss you. I love you. I do want you. I miss you. I love you. I do want you. I miss you. I love you. I do want you. I miss you. I love you. I do want you. I miss you. I love you.', NULL, '2020-11-25 09:27:11', '2020-11-25 09:27:11'),
(7, 6, 'helloworld', NULL, '2020-11-25 12:55:14', '2020-11-25 12:55:14'),
(8, 7, 'fdxdrxdrxdrxsrxrdx', NULL, '2020-11-25 13:05:01', '2020-11-25 13:05:01'),
(9, 8, 'sdfsdvdvxvxdzdfdvd', NULL, '2020-11-25 13:17:16', '2020-11-25 13:17:16'),
(10, 9, 'safdasdf', NULL, '2020-11-25 13:27:46', '2020-11-25 13:27:46');

-- --------------------------------------------------------

--
-- Table structure for table `attributes`
--

CREATE TABLE `attributes` (
  `id` int(11) NOT NULL,
  `attributable_id` int(11) DEFAULT NULL,
  `attributable_type` varchar(255) DEFAULT NULL,
  `name` varchar(255) DEFAULT NULL,
  `input_name` varchar(255) DEFAULT NULL,
  `price_status` int(3) NOT NULL DEFAULT 1 COMMENT '0 - hide, 1- show	',
  `details_status` int(3) NOT NULL DEFAULT 1 COMMENT '0 - hide, 1- show	',
  `created_at` timestamp NULL DEFAULT NULL,
  `updated_at` timestamp NULL DEFAULT NULL
) ENGINE=InnoDB DEFAULT CHARSET=latin1;

--
-- Dumping data for table `attributes`
--

INSERT INTO `attributes` (`id`, `attributable_id`, `attributable_type`, `name`, `input_name`, `price_status`, `details_status`, `created_at`, `updated_at`) VALUES
(22, 2, 'App\\Models\\Subcategory', 'Color Family', 'color_family', 0, 1, '2019-09-24 00:45:45', '2019-09-24 00:45:45'),
(25, 12, 'App\\Models\\Subcategory', 'demo', 'demo', 0, 1, '2019-09-24 01:26:47', '2019-09-24 01:26:47'),
(30, 3, 'App\\Models\\Subcategory', 'Interior Color', 'interior_color', 0, 1, '2019-09-24 04:31:44', '2019-09-24 04:31:44'),
(31, 8, 'App\\Models\\Childcategory', 'Temperature', 'temperature', 0, 1, '2019-09-24 04:34:35', '2019-09-24 04:34:35'),
(34, 18, 'App\\Models\\Category', 'Make', 'make', 0, 1, '2020-11-20 22:19:08', '2020-11-20 22:19:08'),
(36, 18, 'App\\Models\\Category', 'Model', 'model', 0, 1, '2020-11-20 22:41:50', '2020-11-20 22:41:50'),
(37, 18, 'App\\Models\\Category', 'Fuel type', 'fuel_type', 0, 1, '2020-11-20 22:44:53', '2020-11-20 22:44:53'),
(38, 18, 'App\\Models\\Category', 'Year', 'year', 0, 1, '2020-11-20 22:46:16', '2020-11-20 22:46:16'),
(39, 17, 'App\\Models\\Category', 'Make', 'make', 0, 1, '2020-11-22 23:01:59', '2020-11-22 23:01:59'),
(42, 17, 'App\\Models\\Category', 'Model', 'model', 0, 1, '2020-11-22 23:03:02', '2020-11-22 23:03:02'),
(43, 17, 'App\\Models\\Category', 'Year', 'year', 0, 1, '2020-11-22 23:04:29', '2020-11-22 23:04:29'),
(44, 20, 'App\\Models\\Category', 'make', 'make', 0, 1, '2020-11-26 02:52:05', '2020-11-26 02:52:05');

-- --------------------------------------------------------

--
-- Table structure for table `attribute_options`
--

CREATE TABLE `attribute_options` (
  `id` int(11) NOT NULL,
  `attribute_id` int(11) DEFAULT NULL,
  `name` varchar(255) DEFAULT NULL,
  `created_at` timestamp NULL DEFAULT NULL,
  `updated_at` timestamp NULL DEFAULT NULL
) ENGINE=InnoDB DEFAULT CHARSET=latin1;

--
-- Dumping data for table `attribute_options`
--

INSERT INTO `attribute_options` (`id`, `attribute_id`, `name`, `created_at`, `updated_at`) VALUES
(107, 14, 'No Warranty', '2019-09-23 22:56:07', '2019-09-23 22:56:07'),
(108, 14, 'Local seller Warranty', '2019-09-23 22:56:07', '2019-09-23 22:56:07'),
(109, 14, 'Non local warranty', '2019-09-23 22:56:07', '2019-09-23 22:56:07'),
(110, 14, 'International Manufacturer Warranty', '2019-09-23 22:56:07', '2019-09-23 22:56:07'),
(111, 14, 'International Seller Warranty', '2019-09-23 22:56:07', '2019-09-23 22:56:07'),
(157, 22, 'Black', '2019-09-24 00:46:26', '2019-09-24 00:46:26'),
(158, 22, 'White', '2019-09-24 00:46:26', '2019-09-24 00:46:26'),
(159, 22, 'Sliver', '2019-09-24 00:46:26', '2019-09-24 00:46:26'),
(160, 22, 'Red', '2019-09-24 00:46:26', '2019-09-24 00:46:26'),
(161, 22, 'Dark Grey', '2019-09-24 00:46:26', '2019-09-24 00:46:26'),
(162, 22, 'Dark Blue', '2019-09-24 00:46:26', '2019-09-24 00:46:26'),
(163, 22, 'Brown', '2019-09-24 00:46:26', '2019-09-24 00:46:26'),
(177, 25, 'demo 1', '2019-09-24 01:26:47', '2019-09-24 01:26:47'),
(178, 25, 'demo 2', '2019-09-24 01:26:47', '2019-09-24 01:26:47'),
(187, 30, 'Yellow', '2019-09-24 04:31:44', '2019-09-24 04:31:44'),
(188, 30, 'White', '2019-09-24 04:31:44', '2019-09-24 04:31:44'),
(189, 31, '22', '2019-09-24 04:34:35', '2019-09-24 04:34:35'),
(190, 31, '34', '2019-09-24 04:34:35', '2019-09-24 04:34:35'),
(191, 31, '45', '2019-09-24 04:34:35', '2019-09-24 04:34:35'),
(195, 20, 'Local seller warranty', '2019-10-03 00:18:54', '2019-10-03 00:18:54'),
(196, 20, 'No warranty', '2019-10-03 00:18:54', '2019-10-03 00:18:54'),
(197, 20, 'international manufacturer warranty', '2019-10-03 00:18:54', '2019-10-03 00:18:54'),
(198, 20, 'Non-local warranty', '2019-10-03 00:18:54', '2019-10-03 00:18:54'),
(199, 21, 'Symphony', '2019-10-03 00:19:13', '2019-10-03 00:19:13'),
(200, 21, 'Oppo', '2019-10-03 00:19:13', '2019-10-03 00:19:13'),
(201, 21, 'EStore', '2019-10-03 00:19:13', '2019-10-03 00:19:13'),
(202, 21, 'Infinix', '2019-10-03 00:19:13', '2019-10-03 00:19:13'),
(203, 21, 'Apple', '2019-10-03 00:19:13', '2019-10-03 00:19:13'),
(243, 33, '1 GB', '2019-10-12 23:30:39', '2019-10-12 23:30:39'),
(244, 33, '2 GB', '2019-10-12 23:30:39', '2019-10-12 23:30:39'),
(245, 33, '3 GB', '2019-10-12 23:30:39', '2019-10-12 23:30:39'),
(262, 34, 'volvo', '2020-11-20 22:20:00', '2020-11-20 22:20:00'),
(263, 34, 'honda', '2020-11-20 22:20:00', '2020-11-20 22:20:00'),
(264, 34, 'toyota', '2020-11-20 22:20:00', '2020-11-20 22:20:00'),
(265, 36, '670', '2020-11-20 22:41:50', '2020-11-20 22:41:50'),
(266, 36, '760', '2020-11-20 22:41:50', '2020-11-20 22:41:50'),
(267, 36, '760 GLOBETROTTER', '2020-11-20 22:41:50', '2020-11-20 22:41:50'),
(268, 36, '860 GLOBETROTTER', '2020-11-20 22:41:50', '2020-11-20 22:41:50'),
(269, 36, 'VOLVO670/760', '2020-11-20 22:41:50', '2020-11-20 22:41:50'),
(270, 36, 'VNL670', '2020-11-20 22:41:50', '2020-11-20 22:41:50'),
(271, 36, 'VNL760', '2020-11-20 22:41:50', '2020-11-20 22:41:50'),
(272, 36, 'VNL780', '2020-11-20 22:41:50', '2020-11-20 22:41:50'),
(273, 36, '860GLOBETROTTER XL', '2020-11-20 22:41:50', '2020-11-20 22:41:50'),
(274, 37, 'gas', '2020-11-20 22:44:53', '2020-11-20 22:44:53'),
(275, 37, 'diesel', '2020-11-20 22:44:54', '2020-11-20 22:44:54'),
(276, 38, '2010', '2020-11-20 22:46:16', '2020-11-20 22:46:16'),
(277, 38, '2011', '2020-11-20 22:46:16', '2020-11-20 22:46:16'),
(278, 38, '2012', '2020-11-20 22:46:16', '2020-11-20 22:46:16'),
(279, 38, '2013', '2020-11-20 22:46:16', '2020-11-20 22:46:16'),
(280, 38, '2014', '2020-11-20 22:46:16', '2020-11-20 22:46:16'),
(281, 38, '2015', '2020-11-20 22:46:16', '2020-11-20 22:46:16'),
(282, 38, '2016', '2020-11-20 22:46:16', '2020-11-20 22:46:16'),
(283, 38, '2017', '2020-11-20 22:46:16', '2020-11-20 22:46:16'),
(284, 38, '2018', '2020-11-20 22:46:16', '2020-11-20 22:46:16'),
(285, 38, '2019', '2020-11-20 22:46:16', '2020-11-20 22:46:16'),
(286, 38, '2020', '2020-11-20 22:46:16', '2020-11-20 22:46:16'),
(287, 38, '2021', '2020-11-20 22:46:16', '2020-11-20 22:46:16'),
(288, 39, 'volvo', '2020-11-22 23:02:00', '2020-11-22 23:02:00'),
(289, 39, 'honda', '2020-11-22 23:02:00', '2020-11-22 23:02:00'),
(290, 39, 'kamazoo', '2020-11-22 23:02:00', '2020-11-22 23:02:00'),
(297, 42, 'sesfsef', '2020-11-22 23:03:02', '2020-11-22 23:03:02'),
(298, 42, 'sefse3', '2020-11-22 23:03:02', '2020-11-22 23:03:02'),
(299, 42, 'hyfd', '2020-11-22 23:03:03', '2020-11-22 23:03:03'),
(300, 43, '2017', '2020-11-22 23:04:29', '2020-11-22 23:04:29'),
(301, 43, '2018', '2020-11-22 23:04:29', '2020-11-22 23:04:29'),
(302, 43, '2020', '2020-11-22 23:04:29', '2020-11-22 23:04:29'),
(303, 43, '2021', '2020-11-22 23:04:29', '2020-11-22 23:04:29'),
(304, 44, 'honda', '2020-11-26 02:52:05', '2020-11-26 02:52:05'),
(305, 44, 'volvo', '2020-11-26 02:52:05', '2020-11-26 02:52:05'),
(306, 44, 'nissan', '2020-11-26 02:52:05', '2020-11-26 02:52:05');

-- --------------------------------------------------------

--
-- Table structure for table `banners`
--

CREATE TABLE `banners` (
  `id` int(191) NOT NULL,
  `photo` varchar(191) CHARACTER SET utf8mb4 COLLATE utf8mb4_unicode_ci DEFAULT NULL,
  `link` varchar(191) CHARACTER SET utf8mb4 COLLATE utf8mb4_unicode_ci DEFAULT NULL,
  `type` enum('Large','TopSmall','BottomSmall') NOT NULL
) ENGINE=InnoDB DEFAULT CHARSET=latin1;

--
-- Dumping data for table `banners`
--

INSERT INTO `banners` (`id`, `photo`, `link`, `type`) VALUES
(1, '1605899985freightliner2.png', '#', 'TopSmall'),
(2, '1605899973freightliner.png', '#', 'TopSmall'),
(3, '1605899939Hino268.png', '#', 'Large'),
(5, '1605901514img-0835.jpg', '#', 'BottomSmall'),
(6, '1605901503dscn4802.jpg', '#', 'BottomSmall');

-- --------------------------------------------------------

--
-- Table structure for table `blogs`
--

CREATE TABLE `blogs` (
  `id` int(10) UNSIGNED NOT NULL,
  `category_id` int(191) NOT NULL,
  `title` varchar(191) COLLATE utf8mb4_unicode_ci NOT NULL,
  `details` text COLLATE utf8mb4_unicode_ci NOT NULL,
  `photo` varchar(191) COLLATE utf8mb4_unicode_ci DEFAULT NULL,
  `source` varchar(191) COLLATE utf8mb4_unicode_ci NOT NULL,
  `views` int(11) NOT NULL DEFAULT 0,
  `status` tinyint(4) NOT NULL DEFAULT 1,
  `meta_tag` text COLLATE utf8mb4_unicode_ci DEFAULT NULL,
  `meta_description` text COLLATE utf8mb4_unicode_ci DEFAULT NULL,
  `tags` text COLLATE utf8mb4_unicode_ci DEFAULT NULL,
  `created_at` timestamp NULL DEFAULT NULL
) ENGINE=InnoDB DEFAULT CHARSET=utf8mb4 COLLATE=utf8mb4_unicode_ci;

-- --------------------------------------------------------

--
-- Table structure for table `blog_categories`
--

CREATE TABLE `blog_categories` (
  `id` int(191) NOT NULL,
  `name` varchar(191) CHARACTER SET utf8mb4 COLLATE utf8mb4_unicode_ci NOT NULL,
  `slug` varchar(191) CHARACTER SET utf8mb4 COLLATE utf8mb4_unicode_ci NOT NULL
) ENGINE=InnoDB DEFAULT CHARSET=latin1;

--
-- Dumping data for table `blog_categories`
--

INSERT INTO `blog_categories` (`id`, `name`, `slug`) VALUES
(8, 'Heavy truck', 'heavy-truck');

-- --------------------------------------------------------

--
-- Table structure for table `categories`
--

CREATE TABLE `categories` (
  `id` int(191) NOT NULL,
  `name` varchar(191) CHARACTER SET utf8mb4 COLLATE utf8mb4_unicode_ci NOT NULL,
  `slug` varchar(191) CHARACTER SET utf8mb4 COLLATE utf8mb4_unicode_ci NOT NULL,
  `status` tinyint(1) NOT NULL DEFAULT 1,
  `photo` varchar(191) CHARACTER SET utf8mb4 COLLATE utf8mb4_unicode_ci DEFAULT NULL,
  `is_featured` tinyint(1) NOT NULL DEFAULT 0,
  `image` varchar(191) CHARACTER SET utf8mb4 COLLATE utf8mb4_unicode_ci DEFAULT NULL
) ENGINE=InnoDB DEFAULT CHARSET=latin1;

--
-- Dumping data for table `categories`
--

INSERT INTO `categories` (`id`, `name`, `slug`, `status`, `photo`, `is_featured`, `image`) VALUES
(17, 'Dump Truck', 'dump-truck', 1, '1606413590DUMP TRUCK_dark_blue.png', 0, NULL),
(18, 'Highway Tractor', 'highway-tractor', 1, '1606413579HIGH WAY TRACKTOR_dark_blue.png', 0, NULL),
(20, 'Tow Truck', 'tow-truck', 1, '1606413566TOW TRUCK_dark_blue.png', 0, NULL),
(21, 'DAY CAB', 'day-cab', 1, '1606413547DAYCAB_dark_blue.png', 0, NULL),
(22, 'BOX TRUCK', 'box-truck', 1, '1606413630BOX TRUCK_dark_blue.png', 0, NULL),
(23, 'CAB&CHASSIS', 'cab-and-chassis', 1, '1606413690CAB & CHASSIS_dark_blue.png', 0, NULL);

-- --------------------------------------------------------

--
-- Table structure for table `childcategories`
--

CREATE TABLE `childcategories` (
  `id` int(191) NOT NULL,
  `subcategory_id` int(191) NOT NULL,
  `name` varchar(191) CHARACTER SET utf8mb4 COLLATE utf8mb4_unicode_ci NOT NULL,
  `slug` varchar(191) CHARACTER SET utf8mb4 COLLATE utf8mb4_unicode_ci NOT NULL,
  `status` tinyint(1) NOT NULL DEFAULT 1
) ENGINE=InnoDB DEFAULT CHARSET=latin1;

-- --------------------------------------------------------

--
-- Table structure for table `comments`
--

CREATE TABLE `comments` (
  `id` int(191) NOT NULL,
  `user_id` int(191) UNSIGNED NOT NULL,
  `product_id` int(191) UNSIGNED NOT NULL,
  `text` text CHARACTER SET utf8mb4 COLLATE utf8mb4_unicode_ci NOT NULL,
  `created_at` timestamp NOT NULL DEFAULT '0000-00-00 00:00:00',
  `updated_at` timestamp NOT NULL DEFAULT current_timestamp() ON UPDATE current_timestamp()
) ENGINE=InnoDB DEFAULT CHARSET=latin1;

-- --------------------------------------------------------

--
-- Table structure for table `conversations`
--

CREATE TABLE `conversations` (
  `id` int(191) NOT NULL,
  `subject` varchar(191) CHARACTER SET utf8mb4 COLLATE utf8mb4_unicode_ci NOT NULL,
  `sent_user` int(191) NOT NULL,
  `recieved_user` int(191) NOT NULL,
  `message` text CHARACTER SET utf8mb4 COLLATE utf8mb4_unicode_ci NOT NULL,
  `created_at` timestamp NULL DEFAULT NULL,
  `updated_at` timestamp NULL DEFAULT NULL
) ENGINE=InnoDB DEFAULT CHARSET=latin1;

--
-- Dumping data for table `conversations`
--

INSERT INTO `conversations` (`id`, `subject`, `sent_user`, `recieved_user`, `message`, `created_at`, `updated_at`) VALUES
(1, 'Inquirement', 34, 29, 'I am Nikita Kulikov. Nice to meet you.\nthis truck is my favorite truck. I want this truck.\nplease let me know.', '2020-11-25 02:45:02', '2020-11-25 02:45:02'),
(2, 'test subject', 29, 29, 'test message', '2020-11-26 02:53:42', '2020-11-26 02:53:42');

-- --------------------------------------------------------

--
-- Table structure for table `counters`
--

CREATE TABLE `counters` (
  `id` int(11) NOT NULL,
  `type` enum('referral','browser') NOT NULL DEFAULT 'referral',
  `referral` varchar(255) DEFAULT NULL,
  `total_count` int(11) NOT NULL DEFAULT 0,
  `todays_count` int(11) NOT NULL DEFAULT 0,
  `today` date DEFAULT NULL
) ENGINE=InnoDB DEFAULT CHARSET=latin1;

--
-- Dumping data for table `counters`
--

INSERT INTO `counters` (`id`, `type`, `referral`, `total_count`, `todays_count`, `today`) VALUES
(1, 'referral', 'www.facebook.com', 5, 0, NULL),
(2, 'referral', 'geniusocean.com', 2, 0, NULL),
(3, 'browser', 'Windows 10', 1082, 0, NULL),
(4, 'browser', 'Linux', 221, 0, NULL),
(5, 'browser', 'Unknown OS Platform', 384, 0, NULL),
(6, 'browser', 'Windows 7', 415, 0, NULL),
(7, 'referral', 'yandex.ru', 15, 0, NULL),
(8, 'browser', 'Windows 8.1', 536, 0, NULL),
(9, 'referral', 'www.google.com', 6, 0, NULL),
(10, 'browser', 'Android', 356, 0, NULL),
(11, 'browser', 'Mac OS X', 502, 0, NULL),
(12, 'referral', 'l.facebook.com', 1, 0, NULL),
(13, 'referral', 'codecanyon.net', 6, 0, NULL),
(14, 'browser', 'Windows XP', 2, 0, NULL),
(15, 'browser', 'Windows 8', 1, 0, NULL),
(16, 'browser', 'iPad', 4, 0, NULL),
(17, 'browser', 'Ubuntu', 1, 0, NULL),
(18, 'browser', 'iPhone', 4, 0, NULL);

-- --------------------------------------------------------

--
-- Table structure for table `countries`
--

CREATE TABLE `countries` (
  `id` int(11) NOT NULL,
  `country_code` varchar(2) NOT NULL DEFAULT '',
  `country_name` varchar(100) NOT NULL DEFAULT ''
) ENGINE=MyISAM DEFAULT CHARSET=utf8;

--
-- Dumping data for table `countries`
--

INSERT INTO `countries` (`id`, `country_code`, `country_name`) VALUES
(1, 'AF', 'Afghanistan'),
(2, 'AL', 'Albania'),
(3, 'DZ', 'Algeria'),
(4, 'DS', 'American Samoa'),
(5, 'AD', 'Andorra'),
(6, 'AO', 'Angola'),
(7, 'AI', 'Anguilla'),
(8, 'AQ', 'Antarctica'),
(9, 'AG', 'Antigua and Barbuda'),
(10, 'AR', 'Argentina'),
(11, 'AM', 'Armenia'),
(12, 'AW', 'Aruba'),
(13, 'AU', 'Australia'),
(14, 'AT', 'Austria'),
(15, 'AZ', 'Azerbaijan'),
(16, 'BS', 'Bahamas'),
(17, 'BH', 'Bahrain'),
(18, 'BD', 'Bangladesh'),
(19, 'BB', 'Barbados'),
(20, 'BY', 'Belarus'),
(21, 'BE', 'Belgium'),
(22, 'BZ', 'Belize'),
(23, 'BJ', 'Benin'),
(24, 'BM', 'Bermuda'),
(25, 'BT', 'Bhutan'),
(26, 'BO', 'Bolivia'),
(27, 'BA', 'Bosnia and Herzegovina'),
(28, 'BW', 'Botswana'),
(29, 'BV', 'Bouvet Island'),
(30, 'BR', 'Brazil'),
(31, 'IO', 'British Indian Ocean Territory'),
(32, 'BN', 'Brunei Darussalam'),
(33, 'BG', 'Bulgaria'),
(34, 'BF', 'Burkina Faso'),
(35, 'BI', 'Burundi'),
(36, 'KH', 'Cambodia'),
(37, 'CM', 'Cameroon'),
(38, 'CA', 'Canada'),
(39, 'CV', 'Cape Verde'),
(40, 'KY', 'Cayman Islands'),
(41, 'CF', 'Central African Republic'),
(42, 'TD', 'Chad'),
(43, 'CL', 'Chile'),
(44, 'CN', 'China'),
(45, 'CX', 'Christmas Island'),
(46, 'CC', 'Cocos (Keeling) Islands'),
(47, 'CO', 'Colombia'),
(48, 'KM', 'Comoros'),
(49, 'CD', 'Democratic Republic of the Congo'),
(50, 'CG', 'Republic of Congo'),
(51, 'CK', 'Cook Islands'),
(52, 'CR', 'Costa Rica'),
(53, 'HR', 'Croatia (Hrvatska)'),
(54, 'CU', 'Cuba'),
(55, 'CY', 'Cyprus'),
(56, 'CZ', 'Czech Republic'),
(57, 'DK', 'Denmark'),
(58, 'DJ', 'Djibouti'),
(59, 'DM', 'Dominica'),
(60, 'DO', 'Dominican Republic'),
(61, 'TP', 'East Timor'),
(62, 'EC', 'Ecuador'),
(63, 'EG', 'Egypt'),
(64, 'SV', 'El Salvador'),
(65, 'GQ', 'Equatorial Guinea'),
(66, 'ER', 'Eritrea'),
(67, 'EE', 'Estonia'),
(68, 'ET', 'Ethiopia'),
(69, 'FK', 'Falkland Islands (Malvinas)'),
(70, 'FO', 'Faroe Islands'),
(71, 'FJ', 'Fiji'),
(72, 'FI', 'Finland'),
(73, 'FR', 'France'),
(74, 'FX', 'France, Metropolitan'),
(75, 'GF', 'French Guiana'),
(76, 'PF', 'French Polynesia'),
(77, 'TF', 'French Southern Territories'),
(78, 'GA', 'Gabon'),
(79, 'GM', 'Gambia'),
(80, 'GE', 'Georgia'),
(81, 'DE', 'Germany'),
(82, 'GH', 'Ghana'),
(83, 'GI', 'Gibraltar'),
(84, 'GK', 'Guernsey'),
(85, 'GR', 'Greece'),
(86, 'GL', 'Greenland'),
(87, 'GD', 'Grenada'),
(88, 'GP', 'Guadeloupe'),
(89, 'GU', 'Guam'),
(90, 'GT', 'Guatemala'),
(91, 'GN', 'Guinea'),
(92, 'GW', 'Guinea-Bissau'),
(93, 'GY', 'Guyana'),
(94, 'HT', 'Haiti'),
(95, 'HM', 'Heard and Mc Donald Islands'),
(96, 'HN', 'Honduras'),
(97, 'HK', 'Hong Kong'),
(98, 'HU', 'Hungary'),
(99, 'IS', 'Iceland'),
(100, 'IN', 'India'),
(101, 'IM', 'Isle of Man'),
(102, 'ID', 'Indonesia'),
(103, 'IR', 'Iran (Islamic Republic of)'),
(104, 'IQ', 'Iraq'),
(105, 'IE', 'Ireland'),
(106, 'IL', 'Israel'),
(107, 'IT', 'Italy'),
(108, 'CI', 'Ivory Coast'),
(109, 'JE', 'Jersey'),
(110, 'JM', 'Jamaica'),
(111, 'JP', 'Japan'),
(112, 'JO', 'Jordan'),
(113, 'KZ', 'Kazakhstan'),
(114, 'KE', 'Kenya'),
(115, 'KI', 'Kiribati'),
(116, 'KP', 'Korea, Democratic People\'s Republic of'),
(117, 'KR', 'Korea, Republic of'),
(118, 'XK', 'Kosovo'),
(119, 'KW', 'Kuwait'),
(120, 'KG', 'Kyrgyzstan'),
(121, 'LA', 'Lao People\'s Democratic Republic'),
(122, 'LV', 'Latvia'),
(123, 'LB', 'Lebanon'),
(124, 'LS', 'Lesotho'),
(125, 'LR', 'Liberia'),
(126, 'LY', 'Libyan Arab Jamahiriya'),
(127, 'LI', 'Liechtenstein'),
(128, 'LT', 'Lithuania'),
(129, 'LU', 'Luxembourg'),
(130, 'MO', 'Macau'),
(131, 'MK', 'North Macedonia'),
(132, 'MG', 'Madagascar'),
(133, 'MW', 'Malawi'),
(134, 'MY', 'Malaysia'),
(135, 'MV', 'Maldives'),
(136, 'ML', 'Mali'),
(137, 'MT', 'Malta'),
(138, 'MH', 'Marshall Islands'),
(139, 'MQ', 'Martinique'),
(140, 'MR', 'Mauritania'),
(141, 'MU', 'Mauritius'),
(142, 'TY', 'Mayotte'),
(143, 'MX', 'Mexico'),
(144, 'FM', 'Micronesia, Federated States of'),
(145, 'MD', 'Moldova, Republic of'),
(146, 'MC', 'Monaco'),
(147, 'MN', 'Mongolia'),
(148, 'ME', 'Montenegro'),
(149, 'MS', 'Montserrat'),
(150, 'MA', 'Morocco'),
(151, 'MZ', 'Mozambique'),
(152, 'MM', 'Myanmar'),
(153, 'NA', 'Namibia'),
(154, 'NR', 'Nauru'),
(155, 'NP', 'Nepal'),
(156, 'NL', 'Netherlands'),
(157, 'AN', 'Netherlands Antilles'),
(158, 'NC', 'New Caledonia'),
(159, 'NZ', 'New Zealand'),
(160, 'NI', 'Nicaragua'),
(161, 'NE', 'Niger'),
(162, 'NG', 'Nigeria'),
(163, 'NU', 'Niue'),
(164, 'NF', 'Norfolk Island'),
(165, 'MP', 'Northern Mariana Islands'),
(166, 'NO', 'Norway'),
(167, 'OM', 'Oman'),
(168, 'PK', 'Pakistan'),
(169, 'PW', 'Palau'),
(170, 'PS', 'Palestine'),
(171, 'PA', 'Panama'),
(172, 'PG', 'Papua New Guinea'),
(173, 'PY', 'Paraguay'),
(174, 'PE', 'Peru'),
(175, 'PH', 'Philippines'),
(176, 'PN', 'Pitcairn'),
(177, 'PL', 'Poland'),
(178, 'PT', 'Portugal'),
(179, 'PR', 'Puerto Rico'),
(180, 'QA', 'Qatar'),
(181, 'RE', 'Reunion'),
(182, 'RO', 'Romania'),
(183, 'RU', 'Russian Federation'),
(184, 'RW', 'Rwanda'),
(185, 'KN', 'Saint Kitts and Nevis'),
(186, 'LC', 'Saint Lucia'),
(187, 'VC', 'Saint Vincent and the Grenadines'),
(188, 'WS', 'Samoa'),
(189, 'SM', 'San Marino'),
(190, 'ST', 'Sao Tome and Principe'),
(191, 'SA', 'Saudi Arabia'),
(192, 'SN', 'Senegal'),
(193, 'RS', 'Serbia'),
(194, 'SC', 'Seychelles'),
(195, 'SL', 'Sierra Leone'),
(196, 'SG', 'Singapore'),
(197, 'SK', 'Slovakia'),
(198, 'SI', 'Slovenia'),
(199, 'SB', 'Solomon Islands'),
(200, 'SO', 'Somalia'),
(201, 'ZA', 'South Africa'),
(202, 'GS', 'South Georgia South Sandwich Islands'),
(203, 'SS', 'South Sudan'),
(204, 'ES', 'Spain'),
(205, 'LK', 'Sri Lanka'),
(206, 'SH', 'St. Helena'),
(207, 'PM', 'St. Pierre and Miquelon'),
(208, 'SD', 'Sudan'),
(209, 'SR', 'Suriname'),
(210, 'SJ', 'Svalbard and Jan Mayen Islands'),
(211, 'SZ', 'Swaziland'),
(212, 'SE', 'Sweden'),
(213, 'CH', 'Switzerland'),
(214, 'SY', 'Syrian Arab Republic'),
(215, 'TW', 'Taiwan'),
(216, 'TJ', 'Tajikistan'),
(217, 'TZ', 'Tanzania, United Republic of'),
(218, 'TH', 'Thailand'),
(219, 'TG', 'Togo'),
(220, 'TK', 'Tokelau'),
(221, 'TO', 'Tonga'),
(222, 'TT', 'Trinidad and Tobago'),
(223, 'TN', 'Tunisia'),
(224, 'TR', 'Turkey'),
(225, 'TM', 'Turkmenistan'),
(226, 'TC', 'Turks and Caicos Islands'),
(227, 'TV', 'Tuvalu'),
(228, 'UG', 'Uganda'),
(229, 'UA', 'Ukraine'),
(230, 'AE', 'United Arab Emirates'),
(231, 'GB', 'United Kingdom'),
(232, 'US', 'United States'),
(233, 'UM', 'United States minor outlying islands'),
(234, 'UY', 'Uruguay'),
(235, 'UZ', 'Uzbekistan'),
(236, 'VU', 'Vanuatu'),
(237, 'VA', 'Vatican City State'),
(238, 'VE', 'Venezuela'),
(239, 'VN', 'Vietnam'),
(240, 'VG', 'Virgin Islands (British)'),
(241, 'VI', 'Virgin Islands (U.S.)'),
(242, 'WF', 'Wallis and Futuna Islands'),
(243, 'EH', 'Western Sahara'),
(244, 'YE', 'Yemen'),
(245, 'ZM', 'Zambia'),
(246, 'ZW', 'Zimbabwe');

-- --------------------------------------------------------

--
-- Table structure for table `coupons`
--

CREATE TABLE `coupons` (
  `id` int(11) NOT NULL,
  `code` varchar(191) CHARACTER SET utf8mb4 COLLATE utf8mb4_unicode_ci NOT NULL,
  `type` tinyint(4) NOT NULL,
  `price` double NOT NULL,
  `times` varchar(191) CHARACTER SET utf8mb4 COLLATE utf8mb4_unicode_ci DEFAULT NULL,
  `used` int(191) UNSIGNED NOT NULL DEFAULT 0,
  `status` tinyint(4) NOT NULL DEFAULT 1,
  `start_date` date NOT NULL,
  `end_date` date NOT NULL
) ENGINE=InnoDB DEFAULT CHARSET=latin1;

--
-- Dumping data for table `coupons`
--

INSERT INTO `coupons` (`id`, `code`, `type`, `price`, `times`, `used`, `status`, `start_date`, `end_date`) VALUES
(1, 'eqwe', 1, 12.22, '990', 18, 1, '2019-01-15', '2026-08-20'),
(2, 'sdsdsasd', 0, 11, NULL, 2, 1, '2019-05-23', '2022-05-26'),
(3, 'werwd', 0, 22, NULL, 3, 1, '2019-05-23', '2023-06-08'),
(4, 'asdasd', 1, 23.5, NULL, 1, 1, '2019-05-23', '2020-05-28'),
(5, 'kopakopakopa', 0, 40, NULL, 3, 1, '2019-05-23', '2032-05-20'),
(6, 'rererere', 1, 9, '665', 1, 1, '2019-05-23', '2022-05-26');

-- --------------------------------------------------------

--
-- Table structure for table `currencies`
--

CREATE TABLE `currencies` (
  `id` int(191) NOT NULL,
  `name` varchar(30) CHARACTER SET utf8mb4 COLLATE utf8mb4_unicode_ci NOT NULL,
  `sign` varchar(10) CHARACTER SET utf8mb4 COLLATE utf8mb4_unicode_ci NOT NULL,
  `value` double NOT NULL,
  `is_default` tinyint(1) NOT NULL DEFAULT 0
) ENGINE=InnoDB DEFAULT CHARSET=latin1;

--
-- Dumping data for table `currencies`
--

INSERT INTO `currencies` (`id`, `name`, `sign`, `value`, `is_default`) VALUES
(1, 'USD', '$', 1, 1),
(4, 'BDT', '৳', 85, 0),
(6, 'EUR', '€', 0.89, 0),
(8, 'INR', '₹', 68.95, 0),
(9, 'NGN', '₦', 363.919, 0),
(10, 'BRL', 'R$', 4.02, 0);

-- --------------------------------------------------------

--
-- Table structure for table `deposits`
--

CREATE TABLE `deposits` (
  `id` int(11) NOT NULL,
  `user_id` int(11) DEFAULT NULL,
  `currency` blob DEFAULT NULL,
  `currency_code` varchar(255) DEFAULT NULL,
  `amount` double DEFAULT 0,
  `currency_value` double DEFAULT 0,
  `method` varchar(255) DEFAULT NULL,
  `txnid` varchar(255) DEFAULT NULL,
  `flutter_id` text CHARACTER SET utf8mb4 COLLATE utf8mb4_unicode_ci DEFAULT NULL,
  `status` int(11) NOT NULL DEFAULT 0,
  `created_at` timestamp NULL DEFAULT NULL,
  `updated_at` timestamp NULL DEFAULT NULL
) ENGINE=InnoDB DEFAULT CHARSET=latin1;

-- --------------------------------------------------------

--
-- Table structure for table `email_templates`
--

CREATE TABLE `email_templates` (
  `id` int(11) NOT NULL,
  `email_type` varchar(255) COLLATE utf8_unicode_ci DEFAULT NULL,
  `email_subject` mediumtext COLLATE utf8_unicode_ci DEFAULT NULL,
  `email_body` longtext COLLATE utf8_unicode_ci DEFAULT NULL,
  `status` int(11) NOT NULL DEFAULT 1
) ENGINE=InnoDB DEFAULT CHARSET=utf8 COLLATE=utf8_unicode_ci;

--
-- Dumping data for table `email_templates`
--

INSERT INTO `email_templates` (`id`, `email_type`, `email_subject`, `email_body`, `status`) VALUES
(1, 'new_order', 'Your Order Placed Successfully', '<p>Hello {customer_name},<br>Your Order Number is {order_number}<br>Your order has been placed successfully</p>', 1),
(2, 'new_registration', 'Welcome To Royal Commerce', '<p>Hello {customer_name},<br>You have successfully registered to {website_title}, We wish you will have a wonderful experience using our service.</p><p>Thank You<br></p>', 1),
(3, 'vendor_accept', 'Your Vendor Account Activated', '<p>Hello {customer_name},<br>Your Vendor Account Activated Successfully. Please Login to your account and build your own shop.</p><p>Thank You<br></p>', 1),
(4, 'subscription_warning', 'Your subscrption plan will end after five days', '<p>Hello {customer_name},<br>Your subscription plan duration will end after five days. Please renew your plan otherwise all of your products will be deactivated.</p><p>Thank You<br></p>', 1),
(5, 'vendor_verification', 'Request for verification.', '<p>Hello {customer_name},<br>You are requested verify your account. Please send us photo of your passport.</p><p>Thank You<br></p>', 1),
(6, 'wallet_deposit', 'Balance Added to Your Account.', '<p>Hello {sdas},</p><p>${deposit_amount} has been deposited in your account. Your current balance is ${wallet_balance}</p><p>Thank You.<br></p>', 1);

-- --------------------------------------------------------

--
-- Table structure for table `faqs`
--

CREATE TABLE `faqs` (
  `id` int(10) UNSIGNED NOT NULL,
  `title` varchar(191) COLLATE utf8mb4_unicode_ci NOT NULL,
  `details` text COLLATE utf8mb4_unicode_ci NOT NULL,
  `status` tinyint(1) DEFAULT 0
) ENGINE=InnoDB DEFAULT CHARSET=utf8mb4 COLLATE=utf8mb4_unicode_ci;

--
-- Dumping data for table `faqs`
--

INSERT INTO `faqs` (`id`, `title`, `details`, `status`) VALUES
(7, 'How can I add Ads?', 'This is no problem.&nbsp;<div>Don\'t worry about that.</div>', 0);

-- --------------------------------------------------------

--
-- Table structure for table `favorite_sellers`
--

CREATE TABLE `favorite_sellers` (
  `id` int(191) NOT NULL,
  `user_id` int(191) NOT NULL,
  `vendor_id` int(191) NOT NULL
) ENGINE=InnoDB DEFAULT CHARSET=latin1;

--
-- Dumping data for table `favorite_sellers`
--

INSERT INTO `favorite_sellers` (`id`, `user_id`, `vendor_id`) VALUES
(1, 22, 13),
(2, 29, 29);

-- --------------------------------------------------------

--
-- Table structure for table `featured_banners`
--

CREATE TABLE `featured_banners` (
  `id` int(191) NOT NULL,
  `link` text CHARACTER SET utf8mb4 COLLATE utf8mb4_unicode_ci DEFAULT NULL,
  `photo` varchar(191) CHARACTER SET utf8mb4 COLLATE utf8mb4_unicode_ci DEFAULT NULL,
  `category_id` int(11) DEFAULT NULL
) ENGINE=InnoDB DEFAULT CHARSET=latin1;

--
-- Dumping data for table `featured_banners`
--

INSERT INTO `featured_banners` (`id`, `link`, `photo`, `category_id`) VALUES
(7, './item/vittali-dsfsdsdf-lyappunov-n7s1173y78', '1606398194TOW TRUCK_dark_blue.png', 20),
(11, NULL, '1606398182HIGH WAY TRACKTOR_dark_blue.png', 18),
(12, NULL, '1606398171DUMP TRUCK_dark_blue.png', 17),
(13, NULL, '1606398162DAYCAB_dark_blue.png', 21),
(14, NULL, '1606398146BOX TRUCK_dark_blue.png', 22),
(15, NULL, '1606398654CAB & CHASSIS_dark_blue.png', 23);

-- --------------------------------------------------------

--
-- Table structure for table `featured_links`
--

CREATE TABLE `featured_links` (
  `id` int(191) NOT NULL,
  `name` varchar(191) CHARACTER SET utf8mb4 COLLATE utf8mb4_unicode_ci DEFAULT NULL,
  `link` text CHARACTER SET utf8mb4 COLLATE utf8mb4_unicode_ci DEFAULT NULL,
  `photo` varchar(191) CHARACTER SET utf8mb4 COLLATE utf8mb4_unicode_ci DEFAULT NULL
) ENGINE=InnoDB DEFAULT CHARSET=latin1;

--
-- Dumping data for table `featured_links`
--

INSERT INTO `featured_links` (`id`, `name`, `link`, `photo`) VALUES
(19, 'GADGET 8', 'https://www.google.com/', '1571287453flink.png'),
(20, 'GADGET 9', 'https://www.google.com/', '1571287481flink.png'),
(21, 'GADGET 10', 'https://www.google.com/', '1571287511flink.png');

-- --------------------------------------------------------

--
-- Table structure for table `finance`
--

CREATE TABLE `finance` (
  `id` int(11) NOT NULL,
  `first_name` varchar(64) DEFAULT NULL,
  `middle_name` varchar(64) DEFAULT NULL,
  `last_name` varchar(64) DEFAULT NULL,
  `email` varchar(64) DEFAULT NULL,
  `phone_number` varchar(32) DEFAULT '',
  `unit` varchar(32) DEFAULT NULL,
  `street_number` varchar(128) DEFAULT NULL,
  `street_name` varchar(128) DEFAULT NULL,
  `city` varchar(64) DEFAULT NULL,
  `province` varchar(64) DEFAULT NULL,
  `postal_code` varchar(64) DEFAULT NULL,
  `year_at_address` varchar(64) DEFAULT NULL,
  `birthday` varchar(20) DEFAULT '',
  `marital_status` varchar(32) DEFAULT '',
  `sin` varchar(64) DEFAULT NULL,
  `gender` varchar(32) DEFAULT NULL,
  `employer` varchar(64) DEFAULT NULL,
  `job_title` varchar(128) DEFAULT NULL,
  `finance_address` varchar(128) DEFAULT NULL,
  `gross_annual_income` varchar(128) DEFAULT NULL,
  `work_phone` varchar(64) DEFAULT NULL,
  `length_employed` varchar(32) DEFAULT NULL,
  `residence` varchar(128) DEFAULT NULL,
  `mortgage` varchar(128) DEFAULT NULL,
  `monthly_payment` float DEFAULT NULL,
  `driver_license` varchar(64) DEFAULT NULL,
  `vehicle` varchar(64) DEFAULT NULL,
  `down_payment` float DEFAULT NULL,
  `co_signor` varchar(4) DEFAULT NULL,
  `bankruptcy` varchar(4) DEFAULT NULL,
  `comments` varchar(512) DEFAULT NULL,
  `note` varchar(1024) DEFAULT NULL
) ENGINE=InnoDB DEFAULT CHARSET=utf8;

--
-- Dumping data for table `finance`
--

INSERT INTO `finance` (`id`, `first_name`, `middle_name`, `last_name`, `email`, `phone_number`, `unit`, `street_number`, `street_name`, `city`, `province`, `postal_code`, `year_at_address`, `birthday`, `marital_status`, `sin`, `gender`, `employer`, `job_title`, `finance_address`, `gross_annual_income`, `work_phone`, `length_employed`, `residence`, `mortgage`, `monthly_payment`, `driver_license`, `vehicle`, `down_payment`, `co_signor`, `bankruptcy`, `comments`, `note`) VALUES
(12, 'vittali', 'dsfsdsdf', 'lyappunov', 'lyappunov19@outlook.com', '+70283455678', '', 'sovetskaya', 'defgesf', 'moscow', 'lyappu\'s', '105175', 'sovetskaya', '2020-11-25', 'Separated', '', 'Male', 'hdfhdfh', 'drhrsse', 'sovetskaya', 'sesfefsf', '+70283455678', 'sdfsdf', 'Mortgage', 'drgdgses', 345, 'fsdfsad', 'rsrfesf', 5, 'Yes', 'Yes', 'nfndthsdrgdrg', 'dsadfsadfasdf'),
(13, 'vittali', '', 'lyappunov', 'jameshan125@outlook.com', '+70283455678', '', 'sovetskaya', 'defgesf', 'moscow', 'lyappu\'s', '105175', 'sovetskaya', '2020-11-25', 'Separated', '', 'Male', 'hdfhdfh', 'drhrsse', 'sovetskaya', 'sesfefsf', '+70283455678', 'sdfsdf', 'Mortgage', 'drgdgses', 345, 'fsdfsad', 'rsrfesf', 5, 'Yes', 'Yes', 'nfndthsdrgdrg', 'dsadfsadfasdf'),
(14, 'vittali', 'dsfsdsdf', 'lyappunov', 'kulikov328@outlook.com', '+70283455678', '', 'sovetskaya', 'defgesf', 'moscow', 'lyappu\'s', '105175', 'sovetskaya', '2020-11-25', 'Separated', '', 'Male', 'hdfhdfh', 'drhrsse', 'sovetskaya', 'sesfefsf', '+70283455678', 'sdfsdf', 'Mortgage', 'drgdgses', 345, 'fsdfsad', 'rsrfesf', 5, 'Yes', 'Yes', 'nfndthsdrgdrg', 'dsadfsadfasdf'),
(15, 'vittali', 'dsfsdsdf', 'lyappunov', 'lyppunov19@outlook.com', '+70283455678', 'wef', 'sovetskaya', 'defgesf', 'moscow', 'lyappu\'s', '105175', 'sdfse', '2020-11-16', 'Married', 'dsf', 'Male', 'sdf', 'bf', 'ergsge', 'sefsef', 'se', 'effse', 'Please select', 'sdfe', 345, 'sef', 'sef', 4, 'Yes', 'Yes', 'fsef', 'this is financial note. this is financial note. this is financial note. this is financial note. this is financial note. this is financial note. this is financial note. this is financial note. this is financial note. this is financial note. this is financial note. this is financial note. this is financial note. this is financial note. this is financial note.'),
(16, 'vittali', 'dsfsdsdf', 'lyappunov', 'lyppunov19@outlook.com', '+70283455678', 'dfb', 'sovetskaya', 'defgesf', 'moscow', 'lyappu\'s', '105175', 're', '2020-11-03', 'Married', 'e4', 'Male', 'jgftj', 'dfb', 'jy', 'rdg', 'drg', 'drg', 'Own Free & Clear', 'nffd', 345, 'drg', 'dfg', 4, 'Yes', 'Yes', 'drg', 'this is financial note. this is financial note. this is financial note. this is financial note. this is financial note. this is financial note. this is financial note. this is financial note.'),
(17, 'vittali', 'dsfsdsdf', 'lyappunov', 'lyppunov19@outlook.com', '+70283455678', 'dfb', 'sovetskaya', 'defgesf', 'moscow', 'lyappu\'s', '105175', 're', '2020-11-03', 'Married', 'e4', 'Male', 'jgftj', 'dfb', 'jy', 'rdg', 'drg', 'drg', 'Own Free & Clear', 'nffd', 345, 'drg', 'dfg', 4, 'Yes', 'Yes', 'drg', 'this is financial note. this is financial note. this is financial note. this is financial note. this is financial note. this is financial note. this is financial note. this is financial note.'),
(18, 'vittali', 'dsfsdsdf', 'lyappunov', 'lyppunov19@outlook.com', '+70283455678', 'sdfsfe', 'sovetskaya', 'defgesf', 'moscow', 'lyappu\'s', '105175', 'oblast', '2020-11-09', NULL, 'fsd', 'Male', 'regddhr', 'restet', 'oblast', 'sesfefsf', '+70283455678', 'sdfsdf', 'Own Free & Clear', 'drgdgses', 345, NULL, 'gdrgdrgsx', 44, 'Yes', 'Yes', NULL, 'Your message has been received successfully.\r\nWe will get back to you soon.Your message has been received successfully.\r\nWe will get back to you soon.Your message has been received successfully.\r\nWe will get back to you soon.Your message has been received successfully.\r\nWe will get back to you soon.Your message has been received successfully.\r\nWe will get back to you soon.Your message has been received successfully.\r\nWe will get back to you soon.'),
(19, 'vittali', 'dsfsdsdf', 'lyappunov', 'lyppunov19@outlook.com', '+70283455678', 'sdfsfe', 'sovetskaya', 'defgesf', 'moscow', 'lyappu\'s', '105175', 'ert', '2020-11-08', 'Married', 'rdgd', 'Male', 'hdfhdfh', 'drhrsse', 'sovetskaya', 'rgdgdrgd', '+70283455678', 'efsefsegdrg', 'Mortgage', 'drgdgses', 345, NULL, NULL, 5, 'Yes', 'Yes', NULL, 'this is finance note, its mine. this is finance note, its mine. this is finance note, its mine. this is finance note, its mine. this is finance note, its mine. this is finance note, its mine. this is finance note, its mine.'),
(20, 'vittali', 'dsfsdsdf', 'lyappunov', 'lyppunov19@outlook.com', '+70283455678', NULL, 'sovetskaya', 'defgesf', 'moscow', 'lyappu\'s', '105175', 'oblast', '2020-11-02', 'Married', NULL, 'Male', 'hdfhdfh', 'sdfsdf', 'sovetskaya', 'rgdgdrgd', '+70283455678', 'sdfsdf', 'Own Free & Clear', 'sesgesg', 345, NULL, NULL, 23, 'Yes', 'Yes', 'nfndthsdrgdrg', 'this is finance note, its mine. this is finance note, its mine. this is finance note, its mine. this is finance note, its mine. this is finance note, its mine. this is finance note, its mine. this is finance note, its mine. this is finance note, its mine.'),
(21, 'alexandr', 'dsfsdsdf', 'kuznetsov', 'alexandr_1227@outlook.com', '7028345567', NULL, 'sovetskaya', 'defgesf', 'moscow', 'lyappu\'s', '105175', 'oblast', '2020-10-12', 'Unmarried', NULL, 'Male', 'hdfhdfh', 'restet', 'sovetskaya', 'sesfefsf', '7028345567', 'years', 'Mortgage', 'drgdgses', 345, NULL, NULL, NULL, 'Yes', 'Yes', 'nfndthsdrgdrg', 'this is finance note, its mine. this is finance note, its mine. this is finance note, its mine. this is finance note, its mine. this is finance note, its mine. this is finance note, its mine. this is finance note, its mine. this is finance note, its mine. this is finance note, its mine.'),
(22, 'Alexandr', 'dsfsdsdf', 'Kuznetsov', 'alexandr_1227@outlook.com', '8090875', NULL, 'oblast', 'defgesf', 'yaroslavl', 'Voronezh Oblast', '150019', 'sdfsfasdfsee', '2020-11-08', 'Unmarried', NULL, 'Female', 'dsf', 'er', 'sovetskaya', 'er', '7028345567', '4te4t', 'Rent', 'erte', 345, NULL, NULL, NULL, 'Yes', 'Yes', NULL, 'this is finance note, its mine. this is finance note, its mine. this is finance note, its mine. this is finance note, its mine. this is finance note, its mine. this is finance note, its mine. this is finance note, its mine.');

-- --------------------------------------------------------

--
-- Table structure for table `galleries`
--

CREATE TABLE `galleries` (
  `id` int(191) UNSIGNED NOT NULL,
  `product_id` int(191) UNSIGNED NOT NULL,
  `photo` varchar(191) CHARACTER SET utf8mb4 COLLATE utf8mb4_unicode_ci NOT NULL
) ENGINE=InnoDB DEFAULT CHARSET=latin1;

--
-- Dumping data for table `galleries`
--

INSERT INTO `galleries` (`id`, `product_id`, `photo`) VALUES
(6, 93, '156801646314-min.jpg'),
(7, 93, '156801646315-min.jpg'),
(8, 93, '156801646316-min.jpg'),
(22, 129, '15680254328Ei8T0MB.jpg'),
(23, 129, '1568025432wRmpve8d.jpg'),
(24, 129, '1568025432kkRYzLsF.jpg'),
(25, 129, '1568025432zxQBe6Gk.jpg'),
(26, 128, '1568025537sJbDPnFk.jpg'),
(27, 128, '1568025537NBmHxJOz.jpg'),
(28, 128, '1568025537hxqeFbS8.jpg'),
(29, 128, '1568025538zK3tJpmL.jpg'),
(34, 126, '1568025693kKLReNYO.jpg'),
(35, 126, '1568025694Iv3pkz1q.jpg'),
(36, 126, '1568025694T8HhdLVS.jpg'),
(37, 126, '1568025695vTdg7ndt.jpg'),
(38, 125, '15680257894Waz2tuN.jpg'),
(39, 125, '1568025789vd0P4TBv.jpg'),
(40, 125, '15680257899bih5sGh.jpg'),
(41, 125, '156802578924sLIgzl.jpg'),
(42, 124, '1568025825cC2Pmuit.jpg'),
(43, 124, '1568025825EACzLFld.jpg'),
(44, 124, '1568025825MfCyCqtD.jpg'),
(45, 124, '15680258252yabMeAz.jpg'),
(46, 123, '15680258512fKQla5g.jpg'),
(47, 123, '1568025851pIjl0mWp.jpg'),
(48, 123, '1568025851tQw7JXXG.jpg'),
(49, 123, '1568025851ewjtSDkZ.jpg'),
(50, 96, '1568025891wWAAbOjc.jpg'),
(51, 96, '1568025891fyMNeXRy.jpg'),
(52, 96, '1568025891OdV64Tw1.jpg'),
(53, 96, '1568025891xQF7Zufe.jpg'),
(58, 102, '1568026307THs0VQQU.jpg'),
(59, 102, '1568026307jvCscHth.jpg'),
(60, 102, '1568026307g5xMFdx3.jpg'),
(61, 102, '1568026307Z3at0HEM.jpg'),
(62, 101, '1568026331Y6UMgMcI.jpg'),
(63, 101, '1568026331xZbT4OWG.jpg'),
(64, 101, '1568026331y7eIFJXZ.jpg'),
(65, 101, '1568026331i2wH8RI0.jpg'),
(66, 100, '1568026374xCTjQYZ8.jpg'),
(67, 100, '1568026374DzmvqA9d.jpg'),
(68, 100, '1568026374OEH73u5X.jpg'),
(69, 100, '1568026374vZhqRv8c.jpg'),
(70, 99, '15680264120LdBSU1v.jpg'),
(71, 99, '1568026412eMjsI940.jpg'),
(72, 99, '1568026412GFjvHiZv.jpg'),
(73, 99, '15680264122fwGi20d.jpg'),
(78, 97, '1568026469hSlmBpzE.jpg'),
(79, 97, '15680264697AI8LicQ.jpg'),
(80, 97, '15680264691xyFt5Y6.jpg'),
(81, 97, '1568026469dC3hrMz0.jpg'),
(86, 109, '1568026737EBGSE78G.jpg'),
(87, 109, '1568026737B8hO1RRr.jpg'),
(88, 109, '1568026737tf0rwVoz.jpg'),
(89, 109, '1568026737GGIPSqYo.jpg'),
(95, 107, '1568026797FFNrNPxK.jpg'),
(96, 107, '1568026797UwY9ZLfQ.jpg'),
(97, 107, '1568026797Kl6eZLx5.jpg'),
(98, 107, '1568026797h3R48VaO.jpg'),
(99, 107, '15680267989kXwH40I.jpg'),
(100, 106, '1568026836ErM5FJxg.jpg'),
(101, 106, '1568026836VLrxIk0u.jpg'),
(102, 106, '1568026836lgLuMV6p.jpg'),
(103, 106, '1568026836JBUTQX8v.jpg'),
(104, 105, '1568026861YorsLvUa.jpg'),
(105, 105, '1568026861PikoX1Qb.jpg'),
(106, 105, '1568026861SBJqjw66.jpg'),
(107, 105, '1568026861WYh54Arp.jpg'),
(108, 104, '1568026885rmo0LDoo.jpg'),
(109, 104, '15680268851m939o7O.jpg'),
(110, 104, '1568026885fVXYCGKu.jpg'),
(111, 104, '1568026885GDRL3thY.jpg'),
(112, 103, '1568026903LbVQUxIr.jpg'),
(113, 103, '1568026914IpRVYDV4.jpg'),
(114, 103, '15680269141gKO8x5X.jpg'),
(115, 103, '1568026914Q938xXM2.jpg'),
(116, 93, '1568026950y7ihS4wE.jpg'),
(125, 122, '1568027503rFK94cnU.jpg'),
(126, 122, '1568027503i1X2FtIi.jpg'),
(127, 122, '156802750316jxawoZ.jpg'),
(128, 122, '1568027503QRBf290F.jpg'),
(129, 121, '1568027539SQqUc8Bu.jpg'),
(130, 121, '1568027539Zs5OTzjq.jpg'),
(131, 121, '1568027539C45VRZq1.jpg'),
(132, 121, '15680275398ovCzFnJ.jpg'),
(133, 120, '1568027565bJgX744G.jpg'),
(134, 120, '1568027565j0RPFUgX.jpg'),
(135, 120, '1568027565QGi6Lhyo.jpg'),
(136, 120, '15680275658MAY3VKp.jpg'),
(137, 119, '1568027610p9R6ivC6.jpg'),
(138, 119, '1568027610t2Aq7E5D.jpg'),
(139, 119, '1568027611ikz4n0fx.jpg'),
(140, 119, '15680276117BLgrCub.jpg'),
(141, 118, '156802763634t0c8tG.jpg'),
(142, 118, '1568027636fuJplSf3.jpg'),
(143, 118, '1568027636MXcgCQHU.jpg'),
(144, 118, '1568027636lfexGTpt.jpg'),
(145, 117, '1568027665rFHWlsAJ.jpg'),
(146, 117, '15680276655LPktA9k.jpg'),
(147, 117, '1568027665vcNWWq3u.jpg'),
(148, 117, '1568027665gQnqKhCw.jpg'),
(149, 116, '1568027692FPQpwtWN.jpg'),
(150, 116, '1568027692zBaGjOIC.jpg'),
(151, 116, '1568027692UXpDx63F.jpg'),
(152, 116, '1568027692KdIWbIGK.jpg'),
(153, 95, '1568027743xS8gHocM.jpg'),
(154, 95, '1568027743aVUOljdD.jpg'),
(155, 95, '156802774327OOA1Zj.jpg'),
(156, 95, '1568027743kGBx6mxa.jpg'),
(172, 130, '1568029084hQT5ZO0j.jpg'),
(173, 130, '1568029084ncGXxQzN.jpg'),
(174, 130, '1568029084b0OonKFy.jpg'),
(175, 130, '15680290857TD4iOWP.jpg'),
(180, 114, '1568029158brS7xQCe.jpg'),
(181, 114, '1568029158QlC0tg5a.jpg'),
(182, 114, '1568029158RrN4AEtQ.jpg'),
(187, 112, '1568029210JSAwjRPr.jpg'),
(188, 112, '1568029210EiVUkcK6.jpg'),
(189, 112, '1568029210fJSo5hya.jpg'),
(190, 112, '15680292101vCcGfq8.jpg'),
(191, 111, '1568029272lB0JETcn.jpg'),
(192, 111, '1568029272wF3ldKgv.jpg'),
(193, 111, '1568029272NI33ExCu.jpg'),
(194, 111, '15680292724TXrpokz.jpg'),
(197, 134, '15693932021.jpg'),
(198, 134, '15693932022.jpg'),
(199, 135, '15698200931.jpg'),
(200, 191, '1606207595dscn4802.jpg'),
(202, 191, '1606207596highwaytractor.png'),
(203, 191, '1606207596img-0835.jpg');

-- --------------------------------------------------------

--
-- Table structure for table `generalsettings`
--

CREATE TABLE `generalsettings` (
  `id` int(191) NOT NULL,
  `logo` varchar(191) COLLATE utf8mb4_unicode_ci DEFAULT NULL,
  `favicon` varchar(191) COLLATE utf8mb4_unicode_ci NOT NULL,
  `title` varchar(191) COLLATE utf8mb4_unicode_ci NOT NULL,
  `header_email` text COLLATE utf8mb4_unicode_ci DEFAULT NULL,
  `header_phone` text COLLATE utf8mb4_unicode_ci DEFAULT NULL,
  `footer` text COLLATE utf8mb4_unicode_ci NOT NULL,
  `copyright` text COLLATE utf8mb4_unicode_ci NOT NULL,
  `colors` varchar(191) COLLATE utf8mb4_unicode_ci DEFAULT NULL,
  `loader` varchar(191) COLLATE utf8mb4_unicode_ci NOT NULL,
  `admin_loader` varchar(191) COLLATE utf8mb4_unicode_ci DEFAULT NULL,
  `is_talkto` tinyint(1) NOT NULL DEFAULT 1,
  `talkto` text COLLATE utf8mb4_unicode_ci DEFAULT NULL,
  `is_language` tinyint(1) NOT NULL DEFAULT 1,
  `is_loader` tinyint(1) NOT NULL DEFAULT 1,
  `map_key` text COLLATE utf8mb4_unicode_ci DEFAULT NULL,
  `is_disqus` tinyint(1) NOT NULL DEFAULT 0,
  `disqus` longtext COLLATE utf8mb4_unicode_ci DEFAULT NULL,
  `is_contact` tinyint(1) NOT NULL DEFAULT 0,
  `is_faq` tinyint(1) NOT NULL DEFAULT 0,
  `guest_checkout` tinyint(1) NOT NULL DEFAULT 0,
  `stripe_check` tinyint(1) NOT NULL DEFAULT 0,
  `cod_check` tinyint(1) NOT NULL DEFAULT 0,
  `stripe_key` text COLLATE utf8mb4_unicode_ci DEFAULT NULL,
  `stripe_secret` text COLLATE utf8mb4_unicode_ci DEFAULT NULL,
  `currency_format` tinyint(1) NOT NULL DEFAULT 0,
  `withdraw_fee` double NOT NULL DEFAULT 0,
  `withdraw_charge` double NOT NULL DEFAULT 0,
  `tax` double NOT NULL DEFAULT 0,
  `shipping_cost` double NOT NULL DEFAULT 0,
  `mail_engine` varchar(191) COLLATE utf8mb4_unicode_ci DEFAULT NULL,
  `smtp_host` varchar(191) COLLATE utf8mb4_unicode_ci DEFAULT NULL,
  `smtp_port` varchar(191) COLLATE utf8mb4_unicode_ci DEFAULT NULL,
  `smtp_user` varchar(191) COLLATE utf8mb4_unicode_ci DEFAULT NULL,
  `smtp_pass` varchar(191) COLLATE utf8mb4_unicode_ci DEFAULT NULL,
  `from_email` varchar(191) COLLATE utf8mb4_unicode_ci DEFAULT NULL,
  `from_name` varchar(191) COLLATE utf8mb4_unicode_ci DEFAULT NULL,
  `is_smtp` tinyint(1) NOT NULL DEFAULT 0,
  `is_comment` tinyint(1) NOT NULL DEFAULT 1,
  `is_currency` tinyint(1) NOT NULL DEFAULT 1,
  `add_cart` text COLLATE utf8mb4_unicode_ci DEFAULT NULL,
  `out_stock` text COLLATE utf8mb4_unicode_ci DEFAULT NULL,
  `add_wish` text COLLATE utf8mb4_unicode_ci DEFAULT NULL,
  `already_wish` text COLLATE utf8mb4_unicode_ci DEFAULT NULL,
  `wish_remove` text COLLATE utf8mb4_unicode_ci DEFAULT NULL,
  `add_compare` text COLLATE utf8mb4_unicode_ci DEFAULT NULL,
  `already_compare` text COLLATE utf8mb4_unicode_ci DEFAULT NULL,
  `compare_remove` text COLLATE utf8mb4_unicode_ci DEFAULT NULL,
  `color_change` text COLLATE utf8mb4_unicode_ci DEFAULT NULL,
  `coupon_found` text COLLATE utf8mb4_unicode_ci DEFAULT NULL,
  `no_coupon` text COLLATE utf8mb4_unicode_ci DEFAULT NULL,
  `already_coupon` text COLLATE utf8mb4_unicode_ci DEFAULT NULL,
  `order_title` text COLLATE utf8mb4_unicode_ci DEFAULT NULL,
  `order_text` text COLLATE utf8mb4_unicode_ci DEFAULT NULL,
  `is_affilate` tinyint(1) NOT NULL DEFAULT 1,
  `affilate_charge` int(100) NOT NULL DEFAULT 0,
  `affilate_banner` text COLLATE utf8mb4_unicode_ci DEFAULT NULL,
  `already_cart` text COLLATE utf8mb4_unicode_ci DEFAULT NULL,
  `fixed_commission` double NOT NULL DEFAULT 0,
  `percentage_commission` double NOT NULL DEFAULT 0,
  `multiple_shipping` tinyint(1) NOT NULL DEFAULT 0,
  `multiple_packaging` tinyint(4) NOT NULL DEFAULT 0,
  `vendor_ship_info` tinyint(1) NOT NULL DEFAULT 0,
  `reg_vendor` tinyint(1) NOT NULL DEFAULT 0,
  `cod_text` text COLLATE utf8mb4_unicode_ci DEFAULT NULL,
  `paypal_text` text COLLATE utf8mb4_unicode_ci DEFAULT NULL,
  `stripe_text` text COLLATE utf8mb4_unicode_ci DEFAULT NULL,
  `header_color` varchar(191) COLLATE utf8mb4_unicode_ci DEFAULT NULL,
  `footer_color` varchar(191) COLLATE utf8mb4_unicode_ci DEFAULT NULL,
  `copyright_color` varchar(191) COLLATE utf8mb4_unicode_ci DEFAULT NULL,
  `is_admin_loader` tinyint(1) NOT NULL DEFAULT 0,
  `menu_color` varchar(191) COLLATE utf8mb4_unicode_ci DEFAULT NULL,
  `menu_hover_color` varchar(191) COLLATE utf8mb4_unicode_ci DEFAULT NULL,
  `is_home` tinyint(1) NOT NULL DEFAULT 0,
  `is_verification_email` tinyint(1) NOT NULL DEFAULT 0,
  `instamojo_key` varchar(191) COLLATE utf8mb4_unicode_ci DEFAULT NULL,
  `instamojo_token` varchar(191) COLLATE utf8mb4_unicode_ci DEFAULT NULL,
  `instamojo_text` text COLLATE utf8mb4_unicode_ci DEFAULT NULL,
  `is_instamojo` tinyint(1) NOT NULL DEFAULT 0,
  `instamojo_sandbox` tinyint(1) NOT NULL DEFAULT 0,
  `is_paystack` tinyint(1) NOT NULL DEFAULT 0,
  `paystack_key` text COLLATE utf8mb4_unicode_ci DEFAULT NULL,
  `paystack_email` text COLLATE utf8mb4_unicode_ci DEFAULT NULL,
  `paystack_text` text COLLATE utf8mb4_unicode_ci DEFAULT NULL,
  `wholesell` int(191) NOT NULL DEFAULT 0,
  `is_capcha` tinyint(1) NOT NULL DEFAULT 0,
  `error_banner` varchar(191) COLLATE utf8mb4_unicode_ci DEFAULT NULL,
  `is_popup` tinyint(1) NOT NULL DEFAULT 0,
  `popup_title` text COLLATE utf8mb4_unicode_ci DEFAULT NULL,
  `popup_text` text COLLATE utf8mb4_unicode_ci DEFAULT NULL,
  `popup_background` text COLLATE utf8mb4_unicode_ci DEFAULT NULL,
  `invoice_logo` varchar(191) COLLATE utf8mb4_unicode_ci DEFAULT NULL,
  `user_image` varchar(191) COLLATE utf8mb4_unicode_ci DEFAULT NULL,
  `vendor_color` varchar(191) COLLATE utf8mb4_unicode_ci DEFAULT NULL,
  `is_secure` tinyint(1) NOT NULL DEFAULT 0,
  `is_report` tinyint(1) NOT NULL,
  `paypal_check` tinyint(1) DEFAULT 0,
  `paypal_client_id` text COLLATE utf8mb4_unicode_ci DEFAULT NULL,
  `paypal_client_secret` text COLLATE utf8mb4_unicode_ci DEFAULT NULL,
  `paypal_sandbox_check` tinyint(2) DEFAULT 2,
  `footer_logo` text COLLATE utf8mb4_unicode_ci DEFAULT NULL,
  `email_encryption` varchar(191) COLLATE utf8mb4_unicode_ci DEFAULT NULL,
  `paytm_merchant` text COLLATE utf8mb4_unicode_ci DEFAULT NULL,
  `paytm_secret` text COLLATE utf8mb4_unicode_ci DEFAULT NULL,
  `paytm_website` text COLLATE utf8mb4_unicode_ci DEFAULT NULL,
  `paytm_industry` text COLLATE utf8mb4_unicode_ci DEFAULT NULL,
  `is_paytm` int(11) NOT NULL DEFAULT 1,
  `paytm_text` text COLLATE utf8mb4_unicode_ci DEFAULT NULL,
  `paytm_mode` enum('sandbox','live') CHARACTER SET utf8mb4 COLLATE utf8mb4_bin DEFAULT NULL,
  `is_molly` tinyint(1) NOT NULL DEFAULT 0,
  `molly_key` text COLLATE utf8mb4_unicode_ci DEFAULT NULL,
  `molly_text` text COLLATE utf8mb4_unicode_ci DEFAULT NULL,
  `is_razorpay` int(11) NOT NULL DEFAULT 1,
  `razorpay_key` text COLLATE utf8mb4_unicode_ci DEFAULT NULL,
  `razorpay_secret` text COLLATE utf8mb4_unicode_ci DEFAULT NULL,
  `razorpay_text` text COLLATE utf8mb4_unicode_ci DEFAULT NULL,
  `show_stock` tinyint(1) NOT NULL DEFAULT 0,
  `is_maintain` tinyint(1) NOT NULL DEFAULT 0,
  `maintain_text` text COLLATE utf8mb4_unicode_ci DEFAULT NULL,
  `is_authorize` tinyint(4) NOT NULL,
  `authorize_login_id` text COLLATE utf8mb4_unicode_ci NOT NULL,
  `authorize_txn_key` text COLLATE utf8mb4_unicode_ci NOT NULL,
  `authorize_text` text COLLATE utf8mb4_unicode_ci NOT NULL,
  `authorize_mode` enum('PRODUCTION','SANDBOX') COLLATE utf8mb4_unicode_ci NOT NULL,
  `is_mercado` tinyint(4) NOT NULL,
  `mercado_token` text COLLATE utf8mb4_unicode_ci NOT NULL,
  `mercado_text` text COLLATE utf8mb4_unicode_ci NOT NULL,
  `mercadopago_sandbox_check` tinyint(1) NOT NULL DEFAULT 1,
  `is_buy_now` tinyint(4) NOT NULL,
  `is_flutter` tinyint(4) NOT NULL DEFAULT 1,
  `flutter_public_key` text COLLATE utf8mb4_unicode_ci DEFAULT NULL,
  `flutter_text` text COLLATE utf8mb4_unicode_ci DEFAULT NULL,
  `flutter_secret` text COLLATE utf8mb4_unicode_ci DEFAULT NULL,
  `is_twocheckout` tinyint(1) NOT NULL DEFAULT 1,
  `twocheckout_private_key` text COLLATE utf8mb4_unicode_ci DEFAULT NULL,
  `twocheckout_seller_id` text COLLATE utf8mb4_unicode_ci DEFAULT NULL,
  `twocheckout_public_key` text COLLATE utf8mb4_unicode_ci DEFAULT NULL,
  `twocheckout_sandbox_check` tinyint(1) NOT NULL DEFAULT 1,
  `twocheckout_text` text COLLATE utf8mb4_unicode_ci DEFAULT NULL,
  `is_ssl` tinyint(1) NOT NULL DEFAULT 1,
  `ssl_sandbox_check` tinyint(1) NOT NULL DEFAULT 1,
  `ssl_store_id` text COLLATE utf8mb4_unicode_ci DEFAULT NULL,
  `ssl_store_password` text COLLATE utf8mb4_unicode_ci DEFAULT NULL,
  `ssl_text` text COLLATE utf8mb4_unicode_ci DEFAULT NULL,
  `is_voguepay` tinyint(1) NOT NULL DEFAULT 1,
  `vougepay_merchant_id` text COLLATE utf8mb4_unicode_ci DEFAULT NULL,
  `vougepay_developer_code` text COLLATE utf8mb4_unicode_ci DEFAULT NULL,
  `voguepay_text` text COLLATE utf8mb4_unicode_ci DEFAULT NULL,
  `version` varchar(40) COLLATE utf8mb4_unicode_ci DEFAULT NULL,
  `affilate_product` tinyint(1) NOT NULL DEFAULT 1
) ENGINE=MyISAM DEFAULT CHARSET=utf8mb4 COLLATE=utf8mb4_unicode_ci;

--
-- Dumping data for table `generalsettings`
--

INSERT INTO `generalsettings` (`id`, `logo`, `favicon`, `title`, `header_email`, `header_phone`, `footer`, `copyright`, `colors`, `loader`, `admin_loader`, `is_talkto`, `talkto`, `is_language`, `is_loader`, `map_key`, `is_disqus`, `disqus`, `is_contact`, `is_faq`, `guest_checkout`, `stripe_check`, `cod_check`, `stripe_key`, `stripe_secret`, `currency_format`, `withdraw_fee`, `withdraw_charge`, `tax`, `shipping_cost`, `mail_engine`, `smtp_host`, `smtp_port`, `smtp_user`, `smtp_pass`, `from_email`, `from_name`, `is_smtp`, `is_comment`, `is_currency`, `add_cart`, `out_stock`, `add_wish`, `already_wish`, `wish_remove`, `add_compare`, `already_compare`, `compare_remove`, `color_change`, `coupon_found`, `no_coupon`, `already_coupon`, `order_title`, `order_text`, `is_affilate`, `affilate_charge`, `affilate_banner`, `already_cart`, `fixed_commission`, `percentage_commission`, `multiple_shipping`, `multiple_packaging`, `vendor_ship_info`, `reg_vendor`, `cod_text`, `paypal_text`, `stripe_text`, `header_color`, `footer_color`, `copyright_color`, `is_admin_loader`, `menu_color`, `menu_hover_color`, `is_home`, `is_verification_email`, `instamojo_key`, `instamojo_token`, `instamojo_text`, `is_instamojo`, `instamojo_sandbox`, `is_paystack`, `paystack_key`, `paystack_email`, `paystack_text`, `wholesell`, `is_capcha`, `error_banner`, `is_popup`, `popup_title`, `popup_text`, `popup_background`, `invoice_logo`, `user_image`, `vendor_color`, `is_secure`, `is_report`, `paypal_check`, `paypal_client_id`, `paypal_client_secret`, `paypal_sandbox_check`, `footer_logo`, `email_encryption`, `paytm_merchant`, `paytm_secret`, `paytm_website`, `paytm_industry`, `is_paytm`, `paytm_text`, `paytm_mode`, `is_molly`, `molly_key`, `molly_text`, `is_razorpay`, `razorpay_key`, `razorpay_secret`, `razorpay_text`, `show_stock`, `is_maintain`, `maintain_text`, `is_authorize`, `authorize_login_id`, `authorize_txn_key`, `authorize_text`, `authorize_mode`, `is_mercado`, `mercado_token`, `mercado_text`, `mercadopago_sandbox_check`, `is_buy_now`, `is_flutter`, `flutter_public_key`, `flutter_text`, `flutter_secret`, `is_twocheckout`, `twocheckout_private_key`, `twocheckout_seller_id`, `twocheckout_public_key`, `twocheckout_sandbox_check`, `twocheckout_text`, `is_ssl`, `ssl_sandbox_check`, `ssl_store_id`, `ssl_store_password`, `ssl_text`, `is_voguepay`, `vougepay_merchant_id`, `vougepay_developer_code`, `voguepay_text`, `version`, `affilate_product`) VALUES
(1, '1605862866Logo-2.png', '1605865659favicon2.png', 'GET TRUCK LOAN', 'Info@example.com', '0123 456789', 'Sed ut perspiciatis unde omnis iste natus error sit voluptatem accusantium doloremque laudantium, totam rem aperiam, eaque ipsa quae ab illo inventore veritatis et quasi architecto beatae vitae', 'COPYRIGHT © 2021. All Rights Reserved By US', '#033769', '1606166161Logo-1.gif', '1606166164Logo-1.gif', 0, '<script type=\"text/javascript\">\r\nvar Tawk_API=Tawk_API||{}, Tawk_LoadStart=new Date();\r\n(function(){\r\nvar s1=document.createElement(\"script\"),s0=document.getElementsByTagName(\"script\")[0];\r\ns1.async=true;\r\ns1.src=\'https://embed.tawk.to/5bc2019c61d0b77092512d03/default\';\r\ns1.charset=\'UTF-8\';\r\ns1.setAttribute(\'crossorigin\',\'*\');\r\ns0.parentNode.insertBefore(s1,s0);\r\n})();\r\n</script>', 1, 1, 'AIzaSyB1GpE4qeoJ__70UZxvX9CTMUTZRZNHcu8', 0, '<div id=\"disqus_thread\">         \r\n    <script>\r\n    /**\r\n    *  RECOMMENDED CONFIGURATION VARIABLES: EDIT AND UNCOMMENT THE SECTION BELOW TO INSERT DYNAMIC VALUES FROM YOUR PLATFORM OR CMS.\r\n    *  LEARN WHY DEFINING THESE VARIABLES IS IMPORTANT: https://disqus.com/admin/universalcode/#configuration-variables*/\r\n    /*\r\n    var disqus_config = function () {\r\n    this.page.url = PAGE_URL;  // Replace PAGE_URL with your page\'s canonical URL variable\r\n    this.page.identifier = PAGE_IDENTIFIER; // Replace PAGE_IDENTIFIER with your page\'s unique identifier variable\r\n    };\r\n    */\r\n    (function() { // DON\'T EDIT BELOW THIS LINE\r\n    var d = document, s = d.createElement(\'script\');\r\n    s.src = \'https://junnun.disqus.com/embed.js\';\r\n    s.setAttribute(\'data-timestamp\', +new Date());\r\n    (d.head || d.body).appendChild(s);\r\n    })();\r\n    </script>\r\n    <noscript>Please enable JavaScript to view the <a href=\"https://disqus.com/?ref_noscript\">comments powered by Disqus.</a></noscript>\r\n    </div>', 1, 1, 1, 1, 1, 'pk_test_UnU1Coi1p5qFGwtpjZMRMgJM', 'sk_test_QQcg3vGsKRPlW6T3dXcNJsor', 1, 5, 5, 0, 5, 'smtp', 'smtp.outlook.com', '587', NULL, NULL, 'geniustest11@gmail.com', 'GeniusTest', 1, 1, 1, 'Successfully Added To Cart', 'Out Of Stock', 'Add To Wishlist', 'Already Added To Wishlist', 'Successfully Removed From The Wishlist', 'Successfully Added To Compare', 'Already Added To Compare', 'Successfully Removed From The Compare', 'Successfully Changed The Color', 'Coupon Found', 'No Coupon Found', 'Coupon Already Applied', 'THANK YOU FOR YOUR PURCHASE.', 'We\'ll email you an order confirmation with details and tracking info.', 1, 8, '15587771131554048228onepiece.jpeg', 'Already Added To Cart', 5, 5, 1, 1, 1, 1, 'Pay with cash upon delivery.', 'Pay via your PayPal account.', 'Pay via your Credit Card.', '#ffffff', '#093359', '#060540', 1, '#ff5500', '#02020c', 0, 0, 'test_172371aa837ae5cad6047dc3052', 'test_4ac5a785e25fc596b67dbc5c267', 'Pay via your Instamojo account.', 1, 1, 1, 'pk_test_162a56d42131cbb01932ed0d2c48f9cb99d8e8e2', 'junnuns@gmail.com', 'Pay via your Paystack account.', 6, 1, '1566878455404.png', 1, 'NEWSLETTER', 'Lorem ipsum dolor sit amet, consectetur adipisicing elit. Expedita porro ipsa nulla, alias, ab minus.', '1605961280Logo-2.png', '1605862869Logo-2.png', '1567655174profile.jpg', '#09767d', 0, 1, 1, 'AcWYnysKa_elsQIAnlfsJXokR64Z31CeCbpis9G3msDC-BvgcbAwbacfDfEGSP-9Dp9fZaGgD05pX5Qi', 'EGZXTq6d6vBPq8kysVx8WQA5NpavMpDzOLVOb9u75UfsJ-cFzn6aeBXIMyJW2lN1UZtJg5iDPNL9ocYE', 1, '1605862867Logo-2.png', NULL, 'tkogux49985047638244', 'LhNGUUKE9xCQ9xY8', 'WEBSTAGING', 'Retail', 1, 'Pay via your Paytm account.', 'sandbox', 1, 'test_5HcWVs9qc5pzy36H9Tu9mwAyats33J', 'Pay with Molly Payment.', 1, 'rzp_test_xDH74d48cwl8DF', 'cr0H1BiQ20hVzhpHfHuNbGri', 'Pay via your Razorpay account.', 0, 0, '<div style=\"text-align: center;\"><font size=\"5\"><br></font></div><h1 style=\"text-align: center;\"><font size=\"6\">UNDER MAINTENANCE</font></h1>', 1, '76zu9VgUSxrJ', '2Vj62a6skSrP5U3X', 'Pay Via Authorize.Net', 'SANDBOX', 1, 'TEST-705032440135962-041006-ad2e021853f22338fe1a4db9f64d1491-421886156', 'Pay Via MarcadoPago', 1, 1, 1, 'FLWPUBK_TEST-a34940f2f87746abbdd8c117caee81cf-X', 'Pay via your Flutter Wave account.', 'FLWSECK_TEST-1cb427c96e0b1e6772a04504be3638bd-X', 1, '9668BB2D-C246-4175-8F5B-CB72F655097B', '901417869', '2C2879C4-9F81-47D5-89F3-863F4CF0E7A3', 1, 'Pay Via 2Checkout', 1, 1, 'geniu5e1b00621f81e', 'geniu5e1b00621f81e@ssl', 'Pay Via SSLCommerz', 1, 'demo', '5a61be72ab323', 'Pay Via Voguepay', '4.0', 1);

-- --------------------------------------------------------

--
-- Table structure for table `languages`
--

CREATE TABLE `languages` (
  `id` int(191) NOT NULL,
  `is_default` tinyint(1) NOT NULL DEFAULT 0,
  `language` varchar(100) CHARACTER SET utf8mb4 COLLATE utf8mb4_unicode_ci DEFAULT NULL,
  `file` varchar(100) CHARACTER SET utf8mb4 COLLATE utf8mb4_unicode_ci DEFAULT NULL
) ENGINE=InnoDB DEFAULT CHARSET=latin1;

--
-- Dumping data for table `languages`
--

INSERT INTO `languages` (`id`, `is_default`, `language`, `file`) VALUES
(11, 1, 'English', '1579775344B7uQhhvr.json');

-- --------------------------------------------------------

--
-- Table structure for table `messages`
--

CREATE TABLE `messages` (
  `id` int(191) NOT NULL,
  `conversation_id` int(191) NOT NULL,
  `message` text CHARACTER SET utf8mb4 COLLATE utf8mb4_unicode_ci NOT NULL,
  `sent_user` int(191) DEFAULT NULL,
  `recieved_user` int(191) DEFAULT NULL,
  `created_at` timestamp NULL DEFAULT NULL,
  `updated_at` timestamp NULL DEFAULT NULL
) ENGINE=InnoDB DEFAULT CHARSET=latin1;

--
-- Dumping data for table `messages`
--

INSERT INTO `messages` (`id`, `conversation_id`, `message`, `sent_user`, `recieved_user`, `created_at`, `updated_at`) VALUES
(1, 1, 'I am Nikita Kulikov. Nice to meet you.\nthis truck is my favorite truck. I want this truck.\nplease let me know.', 34, NULL, '2020-11-25 02:45:02', '2020-11-25 02:45:02'),
(2, 1, 'I have just read your message. Glad to see you here.\r\nI\'ll send you new message in 2 days.', NULL, 29, '2020-11-25 02:47:00', '2020-11-25 02:47:00'),
(3, 2, 'test message', 29, NULL, '2020-11-26 02:53:42', '2020-11-26 02:53:42');

-- --------------------------------------------------------

--
-- Table structure for table `notifications`
--

CREATE TABLE `notifications` (
  `id` int(191) NOT NULL,
  `order_id` int(191) UNSIGNED DEFAULT NULL,
  `user_id` int(191) DEFAULT NULL,
  `vendor_id` int(191) DEFAULT NULL,
  `product_id` int(191) DEFAULT NULL,
  `conversation_id` int(191) DEFAULT NULL,
  `finance_id` int(191) DEFAULT NULL,
  `post_id` int(191) DEFAULT NULL,
  `is_read` tinyint(1) NOT NULL DEFAULT 0,
  `created_at` timestamp NULL DEFAULT NULL,
  `updated_at` timestamp NULL DEFAULT NULL
) ENGINE=InnoDB DEFAULT CHARSET=latin1;

--
-- Dumping data for table `notifications`
--

INSERT INTO `notifications` (`id`, `order_id`, `user_id`, `vendor_id`, `product_id`, `conversation_id`, `finance_id`, `post_id`, `is_read`, `created_at`, `updated_at`) VALUES
(9, NULL, NULL, NULL, NULL, 3, NULL, NULL, 1, '2020-11-22 22:12:26', '2020-11-22 22:14:05'),
(10, NULL, NULL, NULL, NULL, NULL, NULL, 193, 1, '2020-11-25 00:25:19', '2020-11-25 20:30:15'),
(11, NULL, NULL, NULL, NULL, NULL, NULL, 194, 1, '2020-11-25 09:50:21', '2020-11-25 16:54:14'),
(12, NULL, NULL, NULL, NULL, NULL, 12, NULL, 1, '2020-11-25 09:50:21', '2020-11-25 20:26:43'),
(13, NULL, 35, NULL, NULL, NULL, NULL, NULL, 0, '2020-11-25 21:48:37', '2020-11-25 21:48:37'),
(14, NULL, NULL, NULL, NULL, NULL, 17, NULL, 0, NULL, NULL),
(15, NULL, NULL, NULL, NULL, NULL, 18, NULL, 0, NULL, NULL),
(16, NULL, NULL, NULL, NULL, NULL, 19, NULL, 0, NULL, NULL),
(17, NULL, NULL, NULL, NULL, NULL, NULL, 195, 0, '2020-11-27 02:56:35', '2020-11-27 02:56:35');

-- --------------------------------------------------------

--
-- Table structure for table `orders`
--

CREATE TABLE `orders` (
  `id` int(11) NOT NULL,
  `user_id` int(191) DEFAULT NULL,
  `cart` text CHARACTER SET utf8mb4 COLLATE utf8mb4_unicode_ci NOT NULL,
  `method` varchar(255) CHARACTER SET utf8mb4 COLLATE utf8mb4_unicode_ci DEFAULT NULL,
  `shipping` varchar(255) CHARACTER SET utf8mb4 COLLATE utf8mb4_unicode_ci DEFAULT NULL,
  `pickup_location` varchar(255) CHARACTER SET utf8mb4 COLLATE utf8mb4_unicode_ci DEFAULT NULL,
  `totalQty` varchar(191) CHARACTER SET utf8mb4 COLLATE utf8mb4_unicode_ci NOT NULL,
  `pay_amount` float NOT NULL,
  `txnid` varchar(255) CHARACTER SET utf8mb4 COLLATE utf8mb4_unicode_ci DEFAULT NULL,
  `charge_id` varchar(255) CHARACTER SET utf8mb4 COLLATE utf8mb4_unicode_ci DEFAULT NULL,
  `order_number` varchar(255) NOT NULL,
  `payment_status` varchar(255) NOT NULL,
  `customer_email` varchar(255) NOT NULL,
  `customer_name` varchar(255) CHARACTER SET utf8 COLLATE utf8_unicode_ci NOT NULL,
  `customer_country` varchar(191) CHARACTER SET utf8mb4 COLLATE utf8mb4_unicode_ci NOT NULL,
  `customer_phone` varchar(255) NOT NULL,
  `customer_address` varchar(255) CHARACTER SET utf8 COLLATE utf8_unicode_ci DEFAULT NULL,
  `customer_city` varchar(255) CHARACTER SET utf8 COLLATE utf8_unicode_ci DEFAULT NULL,
  `customer_zip` varchar(255) DEFAULT NULL,
  `shipping_name` varchar(255) CHARACTER SET utf8 COLLATE utf8_unicode_ci DEFAULT NULL,
  `shipping_country` varchar(191) CHARACTER SET utf8mb4 COLLATE utf8mb4_unicode_ci DEFAULT NULL,
  `shipping_email` varchar(255) CHARACTER SET utf8 COLLATE utf8_unicode_ci DEFAULT NULL,
  `shipping_phone` varchar(255) CHARACTER SET utf8 COLLATE utf8_unicode_ci DEFAULT NULL,
  `shipping_address` varchar(255) CHARACTER SET utf8 COLLATE utf8_unicode_ci DEFAULT NULL,
  `shipping_city` varchar(255) CHARACTER SET utf8 COLLATE utf8_unicode_ci DEFAULT NULL,
  `shipping_zip` varchar(255) CHARACTER SET utf8 COLLATE utf8_unicode_ci DEFAULT NULL,
  `order_note` text CHARACTER SET utf8 COLLATE utf8_unicode_ci DEFAULT NULL,
  `coupon_code` varchar(191) CHARACTER SET utf8mb4 COLLATE utf8mb4_unicode_ci DEFAULT NULL,
  `coupon_discount` varchar(191) CHARACTER SET utf8mb4 COLLATE utf8mb4_unicode_ci DEFAULT NULL,
  `status` enum('pending','processing','completed','declined','on delivery') NOT NULL DEFAULT 'pending',
  `created_at` timestamp NULL DEFAULT NULL,
  `updated_at` timestamp NULL DEFAULT NULL,
  `affilate_user` varchar(191) CHARACTER SET utf8mb4 COLLATE utf8mb4_unicode_ci DEFAULT NULL,
  `affilate_charge` varchar(191) CHARACTER SET utf8mb4 COLLATE utf8mb4_unicode_ci DEFAULT NULL,
  `currency_sign` varchar(10) CHARACTER SET utf8mb4 COLLATE utf8mb4_unicode_ci NOT NULL,
  `currency_value` double NOT NULL,
  `shipping_cost` double NOT NULL,
  `packing_cost` double NOT NULL DEFAULT 0,
  `tax` int(191) NOT NULL,
  `dp` tinyint(1) NOT NULL DEFAULT 0,
  `pay_id` text CHARACTER SET utf8mb4 COLLATE utf8mb4_unicode_ci DEFAULT NULL,
  `vendor_shipping_id` int(191) NOT NULL DEFAULT 0,
  `vendor_packing_id` int(191) NOT NULL DEFAULT 0,
  `wallet_price` double NOT NULL DEFAULT 0,
  `shipping_title` text CHARACTER SET utf8mb4 COLLATE utf8mb4_unicode_ci DEFAULT NULL,
  `packing_title` text CHARACTER SET utf8mb4 COLLATE utf8mb4_unicode_ci DEFAULT NULL,
  `customer_state` varchar(191) CHARACTER SET utf8mb4 COLLATE utf8mb4_unicode_ci DEFAULT NULL,
  `shipping_state` varchar(191) CHARACTER SET utf8mb4 COLLATE utf8mb4_unicode_ci DEFAULT NULL
) ENGINE=InnoDB DEFAULT CHARSET=latin1;

-- --------------------------------------------------------

--
-- Table structure for table `order_tracks`
--

CREATE TABLE `order_tracks` (
  `id` int(191) NOT NULL,
  `order_id` int(191) NOT NULL,
  `title` text CHARACTER SET utf8mb4 COLLATE utf8mb4_unicode_ci DEFAULT NULL,
  `text` text CHARACTER SET utf8mb4 COLLATE utf8mb4_unicode_ci DEFAULT NULL,
  `created_at` timestamp NULL DEFAULT NULL,
  `updated_at` timestamp NULL DEFAULT NULL
) ENGINE=InnoDB DEFAULT CHARSET=latin1;

-- --------------------------------------------------------

--
-- Table structure for table `packages`
--

CREATE TABLE `packages` (
  `id` int(191) NOT NULL,
  `user_id` int(191) NOT NULL DEFAULT 0,
  `title` text CHARACTER SET utf8mb4 COLLATE utf8mb4_unicode_ci DEFAULT NULL,
  `subtitle` text CHARACTER SET utf8mb4 COLLATE utf8mb4_unicode_ci DEFAULT NULL,
  `price` double NOT NULL DEFAULT 0
) ENGINE=InnoDB DEFAULT CHARSET=latin1;

--
-- Dumping data for table `packages`
--

INSERT INTO `packages` (`id`, `user_id`, `title`, `subtitle`, `price`) VALUES
(1, 0, 'Default Packaging', 'Default packaging by store', 0),
(2, 0, 'Gift Packaging', 'Exclusive Gift packaging', 15),
(3, 0, 'Basic', 'basic', 100),
(4, 29, 'Silver', 'silver', 50);

-- --------------------------------------------------------

--
-- Table structure for table `pages`
--

CREATE TABLE `pages` (
  `id` int(191) NOT NULL,
  `title` varchar(191) CHARACTER SET utf8mb4 COLLATE utf8mb4_unicode_ci NOT NULL,
  `slug` varchar(191) CHARACTER SET utf8mb4 COLLATE utf8mb4_unicode_ci NOT NULL,
  `details` text CHARACTER SET utf8mb4 COLLATE utf8mb4_unicode_ci NOT NULL,
  `meta_tag` text CHARACTER SET utf8mb4 COLLATE utf8mb4_unicode_ci DEFAULT NULL,
  `meta_description` text CHARACTER SET utf8mb4 COLLATE utf8mb4_unicode_ci DEFAULT NULL,
  `header` tinyint(1) NOT NULL DEFAULT 0,
  `footer` tinyint(1) NOT NULL DEFAULT 0
) ENGINE=InnoDB DEFAULT CHARSET=latin1;

--
-- Dumping data for table `pages`
--

INSERT INTO `pages` (`id`, `title`, `slug`, `details`, `meta_tag`, `meta_description`, `header`, `footer`) VALUES
(1, 'About Us', 'about', '<div helvetica=\"\" neue\",=\"\" helvetica,=\"\" arial,=\"\" sans-serif;=\"\" font-size:=\"\" 14px;=\"\" font-style:=\"\" normal;=\"\" font-variant-ligatures:=\"\" font-variant-caps:=\"\" font-weight:=\"\" 400;=\"\" letter-spacing:=\"\" orphans:=\"\" 2;=\"\" text-align:=\"\" start;=\"\" text-indent:=\"\" 0px;=\"\" text-transform:=\"\" none;=\"\" white-space:=\"\" widows:=\"\" word-spacing:=\"\" -webkit-text-stroke-width:=\"\" background-color:=\"\" rgb(255,=\"\" 255,=\"\" 255);=\"\" text-decoration-style:=\"\" initial;=\"\" text-decoration-color:=\"\" initial;\"=\"\"><h2><font size=\"6\">Title number 1</font><br></h2><p><span style=\"font-weight: 700;\">Lorem Ipsum</span>&nbsp;is simply dummy text of the printing and typesetting industry. Lorem Ipsum has been the industry\'s standard dummy text ever since the 1500s, when an unknown printer took a galley of type and scrambled it to make a type specimen book. It has survived not only five centuries, but also the leap into electronic typesetting, remaining essentially unchanged. It was popularised in the 1960s with the release of Letraset sheets containing Lorem Ipsum passages, and more recently with desktop publishing software like Aldus PageMaker including versions of Lorem Ipsum.</p></div><div helvetica=\"\" neue\",=\"\" helvetica,=\"\" arial,=\"\" sans-serif;=\"\" font-size:=\"\" 14px;=\"\" font-style:=\"\" normal;=\"\" font-variant-ligatures:=\"\" font-variant-caps:=\"\" font-weight:=\"\" 400;=\"\" letter-spacing:=\"\" orphans:=\"\" 2;=\"\" text-align:=\"\" start;=\"\" text-indent:=\"\" 0px;=\"\" text-transform:=\"\" none;=\"\" white-space:=\"\" widows:=\"\" word-spacing:=\"\" -webkit-text-stroke-width:=\"\" background-color:=\"\" rgb(255,=\"\" 255,=\"\" 255);=\"\" text-decoration-style:=\"\" initial;=\"\" text-decoration-color:=\"\" initial;\"=\"\"><h2><font size=\"6\">Title number 2</font><br></h2><p>It is a long established fact that a reader will be distracted by the readable content of a page when looking at its layout. The point of using Lorem Ipsum is that it has a more-or-less normal distribution of letters, as opposed to using \'Content here, content here\', making it look like readable English. Many desktop publishing packages and web page editors now use Lorem Ipsum as their default model text, and a search for \'lorem ipsum\' will uncover many web sites still in their infancy. Various versions have evolved over the years, sometimes by accident, sometimes on purpose (injected humour and the like).</p></div><br helvetica=\"\" neue\",=\"\" helvetica,=\"\" arial,=\"\" sans-serif;=\"\" font-size:=\"\" 14px;=\"\" font-style:=\"\" normal;=\"\" font-variant-ligatures:=\"\" font-variant-caps:=\"\" font-weight:=\"\" 400;=\"\" letter-spacing:=\"\" orphans:=\"\" 2;=\"\" text-align:=\"\" start;=\"\" text-indent:=\"\" 0px;=\"\" text-transform:=\"\" none;=\"\" white-space:=\"\" widows:=\"\" word-spacing:=\"\" -webkit-text-stroke-width:=\"\" background-color:=\"\" rgb(255,=\"\" 255,=\"\" 255);=\"\" text-decoration-style:=\"\" initial;=\"\" text-decoration-color:=\"\" initial;\"=\"\"><div helvetica=\"\" neue\",=\"\" helvetica,=\"\" arial,=\"\" sans-serif;=\"\" font-size:=\"\" 14px;=\"\" font-style:=\"\" normal;=\"\" font-variant-ligatures:=\"\" font-variant-caps:=\"\" font-weight:=\"\" 400;=\"\" letter-spacing:=\"\" orphans:=\"\" 2;=\"\" text-align:=\"\" start;=\"\" text-indent:=\"\" 0px;=\"\" text-transform:=\"\" none;=\"\" white-space:=\"\" widows:=\"\" word-spacing:=\"\" -webkit-text-stroke-width:=\"\" background-color:=\"\" rgb(255,=\"\" 255,=\"\" 255);=\"\" text-decoration-style:=\"\" initial;=\"\" text-decoration-color:=\"\" initial;\"=\"\"><h2><font size=\"6\">Title number 3</font><br></h2><p>Contrary to popular belief, Lorem Ipsum is not simply random text. It has roots in a piece of classical Latin literature from 45 BC, making it over 2000 years old. Richard McClintock, a Latin professor at Hampden-Sydney College in Virginia, looked up one of the more obscure Latin words, consectetur, from a Lorem Ipsum passage, and going through the cites of the word in classical literature, discovered the undoubtable source. Lorem Ipsum comes from sections 1.10.32 and 1.10.33 of \"de Finibus Bonorum et Malorum\" (The Extremes of Good and Evil) by Cicero, written in 45 BC. This book is a treatise on the theory of ethics, very popular during the Renaissance. The first line of Lorem Ipsum, \"Lorem ipsum dolor sit amet..\", comes from a line in section 1.10.32.</p><p>The standard chunk of Lorem Ipsum used since the 1500s is reproduced below for those interested. Sections 1.10.32 and 1.10.33 from \"de Finibus Bonorum et Malorum\" by Cicero are also reproduced in their exact original form, accompanied by English versions from the 1914 translation by H. Rackham.</p></div><h2 helvetica=\"\" neue\",=\"\" helvetica,=\"\" arial,=\"\" sans-serif;=\"\" font-weight:=\"\" 700;=\"\" line-height:=\"\" 1.1;=\"\" color:=\"\" rgb(51,=\"\" 51,=\"\" 51);=\"\" margin:=\"\" 0px=\"\" 15px;=\"\" font-size:=\"\" 30px;=\"\" font-style:=\"\" normal;=\"\" font-variant-ligatures:=\"\" font-variant-caps:=\"\" letter-spacing:=\"\" orphans:=\"\" 2;=\"\" text-align:=\"\" start;=\"\" text-indent:=\"\" 0px;=\"\" text-transform:=\"\" none;=\"\" white-space:=\"\" widows:=\"\" word-spacing:=\"\" -webkit-text-stroke-width:=\"\" background-color:=\"\" rgb(255,=\"\" 255,=\"\" 255);=\"\" text-decoration-style:=\"\" initial;=\"\" text-decoration-color:=\"\" initial;\"=\"\" style=\"font-family: \" 51);\"=\"\"><font size=\"6\">Title number 9</font><br></h2><p helvetica=\"\" neue\",=\"\" helvetica,=\"\" arial,=\"\" sans-serif;=\"\" font-size:=\"\" 14px;=\"\" font-style:=\"\" normal;=\"\" font-variant-ligatures:=\"\" font-variant-caps:=\"\" font-weight:=\"\" 400;=\"\" letter-spacing:=\"\" orphans:=\"\" 2;=\"\" text-align:=\"\" start;=\"\" text-indent:=\"\" 0px;=\"\" text-transform:=\"\" none;=\"\" white-space:=\"\" widows:=\"\" word-spacing:=\"\" -webkit-text-stroke-width:=\"\" background-color:=\"\" rgb(255,=\"\" 255,=\"\" 255);=\"\" text-decoration-style:=\"\" initial;=\"\" text-decoration-color:=\"\" initial;\"=\"\">There are many variations of passages of Lorem Ipsum available, but the majority have suffered alteration in some form, by injected humour, or randomised words which don\'t look even slightly believable. If you are going to use a passage of Lorem Ipsum, you need to be sure there isn\'t anything embarrassing hidden in the middle of text. All the Lorem Ipsum generators on the Internet tend to repeat predefined chunks as necessary, making this the first true generator on the Internet. It uses a dictionary of over 200 Latin words, combined with a handful of model sentence structures, to generate Lorem Ipsum which looks reasonable. The generated Lorem Ipsum is therefore always free from repetition, injected humour, or non-characteristic words etc.</p>', NULL, NULL, 1, 0),
(2, 'Privacy & Policy', 'privacy', '<div helvetica=\"\" neue\",=\"\" helvetica,=\"\" arial,=\"\" sans-serif;=\"\" font-size:=\"\" 14px;=\"\" font-style:=\"\" normal;=\"\" font-variant-ligatures:=\"\" font-variant-caps:=\"\" font-weight:=\"\" 400;=\"\" letter-spacing:=\"\" orphans:=\"\" 2;=\"\" text-align:=\"\" start;=\"\" text-indent:=\"\" 0px;=\"\" text-transform:=\"\" none;=\"\" white-space:=\"\" widows:=\"\" word-spacing:=\"\" -webkit-text-stroke-width:=\"\" background-color:=\"\" rgb(255,=\"\" 255,=\"\" 255);=\"\" text-decoration-style:=\"\" initial;=\"\" text-decoration-color:=\"\" initial;\"=\"\"><h2><span style=\"font-size: xx-large;\">Title number 1</span><br></h2><p><span style=\"font-weight: 700;\">Lorem Ipsum</span>&nbsp;is simply dummy text of the printing and typesetting industry. Lorem Ipsum has been the industry\'s standard dummy text ever since the 1500s, when an unknown printer took a galley of type and scrambled it to make a type specimen book. It has survived not only five centuries, but also the leap into electronic typesetting, remaining essentially unchanged. It was popularised in the 1960s with the release of Letraset sheets containing Lorem Ipsum passages, and more recently with desktop publishing software like Aldus PageMaker including versions of Lorem Ipsum.</p></div><div helvetica=\"\" neue\",=\"\" helvetica,=\"\" arial,=\"\" sans-serif;=\"\" font-size:=\"\" 14px;=\"\" font-style:=\"\" normal;=\"\" font-variant-ligatures:=\"\" font-variant-caps:=\"\" font-weight:=\"\" 400;=\"\" letter-spacing:=\"\" orphans:=\"\" 2;=\"\" text-align:=\"\" start;=\"\" text-indent:=\"\" 0px;=\"\" text-transform:=\"\" none;=\"\" white-space:=\"\" widows:=\"\" word-spacing:=\"\" -webkit-text-stroke-width:=\"\" background-color:=\"\" rgb(255,=\"\" 255,=\"\" 255);=\"\" text-decoration-style:=\"\" initial;=\"\" text-decoration-color:=\"\" initial;\"=\"\"><h2><font size=\"6\">Title number 2</font><br></h2><p>It is a long established fact that a reader will be distracted by the readable content of a page when looking at its layout. The point of using Lorem Ipsum is that it has a more-or-less normal distribution of letters, as opposed to using \'Content here, content here\', making it look like readable English. Many desktop publishing packages and web page editors now use Lorem Ipsum as their default model text, and a search for \'lorem ipsum\' will uncover many web sites still in their infancy. Various versions have evolved over the years, sometimes by accident, sometimes on purpose (injected humour and the like).</p></div><br helvetica=\"\" neue\",=\"\" helvetica,=\"\" arial,=\"\" sans-serif;=\"\" font-size:=\"\" 14px;=\"\" font-style:=\"\" normal;=\"\" font-variant-ligatures:=\"\" font-variant-caps:=\"\" font-weight:=\"\" 400;=\"\" letter-spacing:=\"\" orphans:=\"\" 2;=\"\" text-align:=\"\" start;=\"\" text-indent:=\"\" 0px;=\"\" text-transform:=\"\" none;=\"\" white-space:=\"\" widows:=\"\" word-spacing:=\"\" -webkit-text-stroke-width:=\"\" background-color:=\"\" rgb(255,=\"\" 255,=\"\" 255);=\"\" text-decoration-style:=\"\" initial;=\"\" text-decoration-color:=\"\" initial;\"=\"\"><div helvetica=\"\" neue\",=\"\" helvetica,=\"\" arial,=\"\" sans-serif;=\"\" font-size:=\"\" 14px;=\"\" font-style:=\"\" normal;=\"\" font-variant-ligatures:=\"\" font-variant-caps:=\"\" font-weight:=\"\" 400;=\"\" letter-spacing:=\"\" orphans:=\"\" 2;=\"\" text-align:=\"\" start;=\"\" text-indent:=\"\" 0px;=\"\" text-transform:=\"\" none;=\"\" white-space:=\"\" widows:=\"\" word-spacing:=\"\" -webkit-text-stroke-width:=\"\" background-color:=\"\" rgb(255,=\"\" 255,=\"\" 255);=\"\" text-decoration-style:=\"\" initial;=\"\" text-decoration-color:=\"\" initial;\"=\"\"><h2><font size=\"6\">Title number 3</font><br></h2><p>Contrary to popular belief, Lorem Ipsum is not simply random text. It has roots in a piece of classical Latin literature from 45 BC, making it over 2000 years old. Richard McClintock, a Latin professor at Hampden-Sydney College in Virginia, looked up one of the more obscure Latin words, consectetur, from a Lorem Ipsum passage, and going through the cites of the word in classical literature, discovered the undoubtable source. Lorem Ipsum comes from sections 1.10.32 and 1.10.33 of \"de Finibus Bonorum et Malorum\" (The Extremes of Good and Evil) by Cicero, written in 45 BC. This book is a treatise on the theory of ethics, very popular during the Renaissance. The first line of Lorem Ipsum, \"Lorem ipsum dolor sit amet..\", comes from a line in section 1.10.32.</p><p>The standard chunk of Lorem Ipsum used since the 1500s is reproduced below for those interested. Sections 1.10.32 and 1.10.33 from \"de Finibus Bonorum et Malorum\" by Cicero are also reproduced in their exact original form, accompanied by English versions from the 1914 translation by H. Rackham.</p></div><h2 helvetica=\"\" neue\",=\"\" helvetica,=\"\" arial,=\"\" sans-serif;=\"\" font-weight:=\"\" 700;=\"\" line-height:=\"\" 1.1;=\"\" color:=\"\" rgb(51,=\"\" 51,=\"\" 51);=\"\" margin:=\"\" 0px=\"\" 15px;=\"\" font-size:=\"\" 30px;=\"\" font-style:=\"\" normal;=\"\" font-variant-ligatures:=\"\" font-variant-caps:=\"\" letter-spacing:=\"\" orphans:=\"\" 2;=\"\" text-align:=\"\" start;=\"\" text-indent:=\"\" 0px;=\"\" text-transform:=\"\" none;=\"\" white-space:=\"\" widows:=\"\" word-spacing:=\"\" -webkit-text-stroke-width:=\"\" background-color:=\"\" rgb(255,=\"\" 255,=\"\" 255);=\"\" text-decoration-style:=\"\" initial;=\"\" text-decoration-color:=\"\" initial;\"=\"\" 51);\"=\"\" style=\"font-family: \"><font size=\"6\">Title number 9</font><br></h2><p helvetica=\"\" neue\",=\"\" helvetica,=\"\" arial,=\"\" sans-serif;=\"\" font-size:=\"\" 14px;=\"\" font-style:=\"\" normal;=\"\" font-variant-ligatures:=\"\" font-variant-caps:=\"\" font-weight:=\"\" 400;=\"\" letter-spacing:=\"\" orphans:=\"\" 2;=\"\" text-align:=\"\" start;=\"\" text-indent:=\"\" 0px;=\"\" text-transform:=\"\" none;=\"\" white-space:=\"\" widows:=\"\" word-spacing:=\"\" -webkit-text-stroke-width:=\"\" background-color:=\"\" rgb(255,=\"\" 255,=\"\" 255);=\"\" text-decoration-style:=\"\" initial;=\"\" text-decoration-color:=\"\" initial;\"=\"\">There are many variations of passages of Lorem Ipsum available, but the majority have suffered alteration in some form, by injected humour, or randomised words which don\'t look even slightly believable. If you are going to use a passage of Lorem Ipsum, you need to be sure there isn\'t anything embarrassing hidden in the middle of text. All the Lorem Ipsum generators on the Internet tend to repeat predefined chunks as necessary, making this the first true generator on the Internet. It uses a dictionary of over 200 Latin words, combined with a handful of model sentence structures, to generate Lorem Ipsum which looks reasonable. The generated Lorem Ipsum is therefore always free from repetition, injected humour, or non-characteristic words etc.</p>', 'test,test1,test2,test3', 'Lorem Ipsum generators on the Internet tend to repeat predefined chunks as necessary, making this the first true generator on the Internet. It uses a dictionary of over 200 Latin words, combined with a handful of model sentence structures, to generate Lorem Ipsum which looks reasonable. The generated Lorem Ipsum is therefore always free from repetition, injected humour, or non-characteristic words etc.', 0, 1),
(3, 'Terms & Condition', 'terms', '<div helvetica=\"\" neue\",=\"\" helvetica,=\"\" arial,=\"\" sans-serif;=\"\" font-size:=\"\" 14px;=\"\" font-style:=\"\" normal;=\"\" font-variant-ligatures:=\"\" font-variant-caps:=\"\" font-weight:=\"\" 400;=\"\" letter-spacing:=\"\" orphans:=\"\" 2;=\"\" text-align:=\"\" start;=\"\" text-indent:=\"\" 0px;=\"\" text-transform:=\"\" none;=\"\" white-space:=\"\" widows:=\"\" word-spacing:=\"\" -webkit-text-stroke-width:=\"\" background-color:=\"\" rgb(255,=\"\" 255,=\"\" 255);=\"\" text-decoration-style:=\"\" initial;=\"\" text-decoration-color:=\"\" initial;\"=\"\"><h2><font size=\"6\">Title number 1</font><br></h2><p><span style=\"font-weight: 700;\">Lorem Ipsum</span>&nbsp;is simply dummy text of the printing and typesetting industry. Lorem Ipsum has been the industry\'s standard dummy text ever since the 1500s, when an unknown printer took a galley of type and scrambled it to make a type specimen book. It has survived not only five centuries, but also the leap into electronic typesetting, remaining essentially unchanged. It was popularised in the 1960s with the release of Letraset sheets containing Lorem Ipsum passages, and more recently with desktop publishing software like Aldus PageMaker including versions of Lorem Ipsum.</p></div><div helvetica=\"\" neue\",=\"\" helvetica,=\"\" arial,=\"\" sans-serif;=\"\" font-size:=\"\" 14px;=\"\" font-style:=\"\" normal;=\"\" font-variant-ligatures:=\"\" font-variant-caps:=\"\" font-weight:=\"\" 400;=\"\" letter-spacing:=\"\" orphans:=\"\" 2;=\"\" text-align:=\"\" start;=\"\" text-indent:=\"\" 0px;=\"\" text-transform:=\"\" none;=\"\" white-space:=\"\" widows:=\"\" word-spacing:=\"\" -webkit-text-stroke-width:=\"\" background-color:=\"\" rgb(255,=\"\" 255,=\"\" 255);=\"\" text-decoration-style:=\"\" initial;=\"\" text-decoration-color:=\"\" initial;\"=\"\"><h2><font size=\"6\">Title number 2</font><br></h2><p>It is a long established fact that a reader will be distracted by the readable content of a page when looking at its layout. The point of using Lorem Ipsum is that it has a more-or-less normal distribution of letters, as opposed to using \'Content here, content here\', making it look like readable English. Many desktop publishing packages and web page editors now use Lorem Ipsum as their default model text, and a search for \'lorem ipsum\' will uncover many web sites still in their infancy. Various versions have evolved over the years, sometimes by accident, sometimes on purpose (injected humour and the like).</p></div><br helvetica=\"\" neue\",=\"\" helvetica,=\"\" arial,=\"\" sans-serif;=\"\" font-size:=\"\" 14px;=\"\" font-style:=\"\" normal;=\"\" font-variant-ligatures:=\"\" font-variant-caps:=\"\" font-weight:=\"\" 400;=\"\" letter-spacing:=\"\" orphans:=\"\" 2;=\"\" text-align:=\"\" start;=\"\" text-indent:=\"\" 0px;=\"\" text-transform:=\"\" none;=\"\" white-space:=\"\" widows:=\"\" word-spacing:=\"\" -webkit-text-stroke-width:=\"\" background-color:=\"\" rgb(255,=\"\" 255,=\"\" 255);=\"\" text-decoration-style:=\"\" initial;=\"\" text-decoration-color:=\"\" initial;\"=\"\"><div helvetica=\"\" neue\",=\"\" helvetica,=\"\" arial,=\"\" sans-serif;=\"\" font-size:=\"\" 14px;=\"\" font-style:=\"\" normal;=\"\" font-variant-ligatures:=\"\" font-variant-caps:=\"\" font-weight:=\"\" 400;=\"\" letter-spacing:=\"\" orphans:=\"\" 2;=\"\" text-align:=\"\" start;=\"\" text-indent:=\"\" 0px;=\"\" text-transform:=\"\" none;=\"\" white-space:=\"\" widows:=\"\" word-spacing:=\"\" -webkit-text-stroke-width:=\"\" background-color:=\"\" rgb(255,=\"\" 255,=\"\" 255);=\"\" text-decoration-style:=\"\" initial;=\"\" text-decoration-color:=\"\" initial;\"=\"\"><h2><font size=\"6\">Title number 3</font><br></h2><p>Contrary to popular belief, Lorem Ipsum is not simply random text. It has roots in a piece of classical Latin literature from 45 BC, making it over 2000 years old. Richard McClintock, a Latin professor at Hampden-Sydney College in Virginia, looked up one of the more obscure Latin words, consectetur, from a Lorem Ipsum passage, and going through the cites of the word in classical literature, discovered the undoubtable source. Lorem Ipsum comes from sections 1.10.32 and 1.10.33 of \"de Finibus Bonorum et Malorum\" (The Extremes of Good and Evil) by Cicero, written in 45 BC. This book is a treatise on the theory of ethics, very popular during the Renaissance. The first line of Lorem Ipsum, \"Lorem ipsum dolor sit amet..\", comes from a line in section 1.10.32.</p><p>The standard chunk of Lorem Ipsum used since the 1500s is reproduced below for those interested. Sections 1.10.32 and 1.10.33 from \"de Finibus Bonorum et Malorum\" by Cicero are also reproduced in their exact original form, accompanied by English versions from the 1914 translation by H. Rackham.</p></div><h2 helvetica=\"\" neue\",=\"\" helvetica,=\"\" arial,=\"\" sans-serif;=\"\" font-weight:=\"\" 700;=\"\" line-height:=\"\" 1.1;=\"\" color:=\"\" rgb(51,=\"\" 51,=\"\" 51);=\"\" margin:=\"\" 0px=\"\" 15px;=\"\" font-size:=\"\" 30px;=\"\" font-style:=\"\" normal;=\"\" font-variant-ligatures:=\"\" font-variant-caps:=\"\" letter-spacing:=\"\" orphans:=\"\" 2;=\"\" text-align:=\"\" start;=\"\" text-indent:=\"\" 0px;=\"\" text-transform:=\"\" none;=\"\" white-space:=\"\" widows:=\"\" word-spacing:=\"\" -webkit-text-stroke-width:=\"\" background-color:=\"\" rgb(255,=\"\" 255,=\"\" 255);=\"\" text-decoration-style:=\"\" initial;=\"\" text-decoration-color:=\"\" initial;\"=\"\" 51);\"=\"\" style=\"font-family: \"><font size=\"6\">Title number 9</font><br></h2><p helvetica=\"\" neue\",=\"\" helvetica,=\"\" arial,=\"\" sans-serif;=\"\" font-size:=\"\" 14px;=\"\" font-style:=\"\" normal;=\"\" font-variant-ligatures:=\"\" font-variant-caps:=\"\" font-weight:=\"\" 400;=\"\" letter-spacing:=\"\" orphans:=\"\" 2;=\"\" text-align:=\"\" start;=\"\" text-indent:=\"\" 0px;=\"\" text-transform:=\"\" none;=\"\" white-space:=\"\" widows:=\"\" word-spacing:=\"\" -webkit-text-stroke-width:=\"\" background-color:=\"\" rgb(255,=\"\" 255,=\"\" 255);=\"\" text-decoration-style:=\"\" initial;=\"\" text-decoration-color:=\"\" initial;\"=\"\">There are many variations of passages of Lorem Ipsum available, but the majority have suffered alteration in some form, by injected humour, or randomised words which don\'t look even slightly believable. If you are going to use a passage of Lorem Ipsum, you need to be sure there isn\'t anything embarrassing hidden in the middle of text. All the Lorem Ipsum generators on the Internet tend to repeat predefined chunks as necessary, making this the first true generator on the Internet. It uses a dictionary of over 200 Latin words, combined with a handful of model sentence structures, to generate Lorem Ipsum which looks reasonable. The generated Lorem Ipsum is therefore always free from repetition, injected humour, or non-characteristic words etc.</p>', 't1,t2,t3,t4', 'There are many variations of passages of Lorem Ipsum available, but the majority have suffered alteration in some form, by injected humour, or randomised words which don\'t look even slightly believable. If you are going to use a passage of Lorem Ipsum, you need to be sure there isn\'t anything embarrassing hidden in the middle of text. All the Lorem Ipsum generators on the Internet tend to repeat predefined chunks as necessary, making this the first true generator on the Internet. It uses a dictionary of over 200 Latin words, combined with a handful of model sentence structures, to generate Lorem Ipsum which looks reasonable. The generated Lorem Ipsum is therefore always free from repetition, injected humour, or non-characteristic words etc.', 0, 1);

-- --------------------------------------------------------

--
-- Table structure for table `pagesettings`
--

CREATE TABLE `pagesettings` (
  `id` int(10) UNSIGNED NOT NULL,
  `contact_success` varchar(191) COLLATE utf8mb4_unicode_ci NOT NULL,
  `contact_email` varchar(191) COLLATE utf8mb4_unicode_ci NOT NULL,
  `contact_title` text COLLATE utf8mb4_unicode_ci DEFAULT NULL,
  `contact_text` text COLLATE utf8mb4_unicode_ci DEFAULT NULL,
  `side_title` text COLLATE utf8mb4_unicode_ci DEFAULT NULL,
  `side_text` text COLLATE utf8mb4_unicode_ci DEFAULT NULL,
  `street` text COLLATE utf8mb4_unicode_ci DEFAULT NULL,
  `phone` text COLLATE utf8mb4_unicode_ci DEFAULT NULL,
  `fax` text COLLATE utf8mb4_unicode_ci DEFAULT NULL,
  `email` text COLLATE utf8mb4_unicode_ci DEFAULT NULL,
  `site` text COLLATE utf8mb4_unicode_ci DEFAULT NULL,
  `slider` tinyint(1) NOT NULL DEFAULT 1,
  `service` tinyint(1) NOT NULL DEFAULT 1,
  `featured` tinyint(1) NOT NULL DEFAULT 1,
  `small_banner` tinyint(1) NOT NULL DEFAULT 1,
  `best` tinyint(1) NOT NULL DEFAULT 1,
  `top_rated` tinyint(1) NOT NULL DEFAULT 1,
  `large_banner` tinyint(1) NOT NULL DEFAULT 1,
  `big` tinyint(1) NOT NULL DEFAULT 1,
  `hot_sale` tinyint(1) NOT NULL DEFAULT 1,
  `partners` tinyint(1) NOT NULL DEFAULT 0,
  `review_blog` tinyint(1) NOT NULL DEFAULT 1,
  `best_seller_banner` text COLLATE utf8mb4_unicode_ci DEFAULT NULL,
  `best_seller_banner_link` text COLLATE utf8mb4_unicode_ci DEFAULT NULL,
  `big_save_banner` text COLLATE utf8mb4_unicode_ci DEFAULT NULL,
  `big_save_banner_link` text COLLATE utf8mb4_unicode_ci DEFAULT NULL,
  `bottom_small` tinyint(1) NOT NULL DEFAULT 0,
  `flash_deal` tinyint(1) NOT NULL DEFAULT 0,
  `best_seller_banner1` text COLLATE utf8mb4_unicode_ci DEFAULT NULL,
  `best_seller_banner_link1` text COLLATE utf8mb4_unicode_ci DEFAULT NULL,
  `big_save_banner1` text COLLATE utf8mb4_unicode_ci DEFAULT NULL,
  `big_save_banner_link1` text COLLATE utf8mb4_unicode_ci DEFAULT NULL,
  `featured_category` int(1) NOT NULL DEFAULT 0
) ENGINE=InnoDB DEFAULT CHARSET=utf8mb4 COLLATE=utf8mb4_unicode_ci;

--
-- Dumping data for table `pagesettings`
--

INSERT INTO `pagesettings` (`id`, `contact_success`, `contact_email`, `contact_title`, `contact_text`, `side_title`, `side_text`, `street`, `phone`, `fax`, `email`, `site`, `slider`, `service`, `featured`, `small_banner`, `best`, `top_rated`, `large_banner`, `big`, `hot_sale`, `partners`, `review_blog`, `best_seller_banner`, `best_seller_banner_link`, `big_save_banner`, `big_save_banner_link`, `bottom_small`, `flash_deal`, `best_seller_banner1`, `best_seller_banner_link1`, `big_save_banner1`, `big_save_banner_link1`, `featured_category`) VALUES
(1, 'Success! Thanks for contacting us, we will get back to you shortly.', 'admin@geniusocean.com', '<h4 class=\"subtitle\" style=\"margin-bottom: 6px; font-weight: 600; line-height: 28px; font-size: 28px; text-transform: uppercase;\">WE\'D LOVE TO</h4><h2 class=\"title\" style=\"margin-bottom: 13px;font-weight: 600;line-height: 50px;font-size: 40px;color: #0f78f2;text-transform: uppercase;\">HEAR FROM YOU</h2>', '<span style=\"color: rgb(119, 119, 119);\">Send us a message and we\' ll respond as soon as possible</span><br>', '<h4 class=\"title\" style=\"margin-bottom: 10px; font-weight: 600; line-height: 28px; font-size: 28px;\">Let\'s Connect</h4>', '<span style=\"color: rgb(51, 51, 51);\">Get in touch with us</span>', '3584 Hickory Heights Drive ,Hanover MD 21076, USA', '00 000 000 000', '00 000 000 000', 'admin@geniusocean.com', 'https://geniusocean.com/', 1, 0, 1, 0, 0, 0, 0, 0, 0, 1, 0, '1605900206dscn4802.jpg', '#', '160590146727-22.jpg', '#', 0, 0, '160590020627-22.jpg', '#', '1605901467img-0835.jpg', '#', 1);

-- --------------------------------------------------------

--
-- Table structure for table `partners`
--

CREATE TABLE `partners` (
  `id` int(191) NOT NULL,
  `photo` varchar(191) CHARACTER SET utf8mb4 COLLATE utf8mb4_unicode_ci DEFAULT NULL,
  `link` varchar(191) CHARACTER SET utf8mb4 COLLATE utf8mb4_unicode_ci DEFAULT NULL
) ENGINE=InnoDB DEFAULT CHARSET=latin1;

--
-- Dumping data for table `partners`
--

INSERT INTO `partners` (`id`, `photo`, `link`) VALUES
(7, '1571289583p1.jpg', 'https://www.google.com/'),
(8, '1571289601p2.jpg', 'https://www.google.com/'),
(9, '1571289608p3.jpg', 'https://www.google.com/'),
(10, '1571289614p4.jpg', 'https://www.google.com/'),
(11, '1571289621p5.jpg', 'https://www.google.com/'),
(12, '1571289627p6.jpg', 'https://www.google.com/'),
(13, '1571289634p7.jpg', 'https://www.google.com/'),
(14, '1571289642p8.jpg', 'https://www.google.com/'),
(15, '1571289650p9.jpg', 'https://www.google.com/'),
(16, '1571289657p10.jpg', 'https://www.google.com/'),
(17, '1571289663p11.jpg', 'https://www.google.com/'),
(18, '1571289669p12.jpg', 'https://www.google.com/'),
(19, '1571289675p13.jpg', 'https://www.google.com/'),
(20, '1571289680p14.jpg', 'https://www.google.com/');

-- --------------------------------------------------------

--
-- Table structure for table `payment_gateways`
--

CREATE TABLE `payment_gateways` (
  `id` int(191) NOT NULL,
  `subtitle` varchar(191) CHARACTER SET utf8mb4 COLLATE utf8mb4_unicode_ci DEFAULT NULL,
  `title` varchar(191) CHARACTER SET utf8mb4 COLLATE utf8mb4_unicode_ci NOT NULL,
  `details` text CHARACTER SET utf8mb4 COLLATE utf8mb4_unicode_ci DEFAULT NULL,
  `status` tinyint(10) NOT NULL DEFAULT 1
) ENGINE=InnoDB DEFAULT CHARSET=latin1;

--
-- Dumping data for table `payment_gateways`
--

INSERT INTO `payment_gateways` (`id`, `subtitle`, `title`, `details`, `status`) VALUES
(46, 'Pay via Manual Payment.', 'Manual Payment', '<font size=\"3\"><font size=\"3\"><b>Manual Payment</b></font><b>&nbsp;No: 6528068515</b><br><br></font>', 1);

-- --------------------------------------------------------

--
-- Table structure for table `pickups`
--

CREATE TABLE `pickups` (
  `id` int(191) UNSIGNED NOT NULL,
  `location` varchar(191) CHARACTER SET utf8mb4 COLLATE utf8mb4_unicode_ci NOT NULL
) ENGINE=InnoDB DEFAULT CHARSET=latin1;

--
-- Dumping data for table `pickups`
--

INSERT INTO `pickups` (`id`, `location`) VALUES
(2, 'Azampur'),
(3, 'Dhaka'),
(4, 'Kazipara'),
(5, 'Kamarpara'),
(6, 'Uttara');

-- --------------------------------------------------------

--
-- Table structure for table `products`
--

CREATE TABLE `products` (
  `id` int(191) UNSIGNED NOT NULL,
  `sku` varchar(255) DEFAULT NULL,
  `product_type` enum('normal','affiliate') NOT NULL DEFAULT 'normal',
  `affiliate_link` text DEFAULT NULL,
  `user_id` int(191) NOT NULL DEFAULT 0,
  `category_id` int(191) UNSIGNED NOT NULL,
  `subcategory_id` int(191) UNSIGNED DEFAULT NULL,
  `childcategory_id` int(191) UNSIGNED DEFAULT NULL,
  `attributes` text CHARACTER SET utf8mb4 COLLATE utf8mb4_unicode_ci DEFAULT NULL,
  `name` text CHARACTER SET utf8mb4 COLLATE utf8mb4_unicode_ci NOT NULL,
  `slug` text CHARACTER SET utf8mb4 COLLATE utf8mb4_unicode_ci DEFAULT NULL,
  `photo` varchar(191) CHARACTER SET utf8mb4 COLLATE utf8mb4_unicode_ci NOT NULL,
  `thumbnail` varchar(191) CHARACTER SET utf8mb4 COLLATE utf8mb4_unicode_ci DEFAULT NULL,
  `file` varchar(191) CHARACTER SET utf8mb4 COLLATE utf8mb4_unicode_ci DEFAULT NULL,
  `size` varchar(191) CHARACTER SET utf8mb4 COLLATE utf8mb4_unicode_ci DEFAULT NULL,
  `size_qty` varchar(191) CHARACTER SET utf8mb4 COLLATE utf8mb4_unicode_ci DEFAULT NULL,
  `size_price` varchar(191) CHARACTER SET utf8mb4 COLLATE utf8mb4_unicode_ci DEFAULT NULL,
  `color` text CHARACTER SET utf8mb4 COLLATE utf8mb4_unicode_ci DEFAULT NULL,
  `price` double NOT NULL,
  `previous_price` double DEFAULT NULL,
  `details` text CHARACTER SET utf8mb4 COLLATE utf8mb4_unicode_ci DEFAULT NULL,
  `stock` int(191) DEFAULT NULL,
  `policy` text CHARACTER SET utf8mb4 COLLATE utf8mb4_unicode_ci DEFAULT NULL,
  `status` tinyint(2) UNSIGNED NOT NULL DEFAULT 1,
  `views` int(191) UNSIGNED NOT NULL DEFAULT 0,
  `tags` varchar(191) CHARACTER SET utf8mb4 COLLATE utf8mb4_unicode_ci DEFAULT NULL,
  `features` text DEFAULT NULL,
  `colors` text DEFAULT NULL,
  `product_condition` tinyint(1) NOT NULL DEFAULT 0,
  `ship` varchar(191) CHARACTER SET utf8mb4 COLLATE utf8mb4_unicode_ci DEFAULT NULL,
  `is_meta` tinyint(1) NOT NULL DEFAULT 0,
  `meta_tag` text CHARACTER SET utf8mb4 COLLATE utf8mb4_unicode_ci DEFAULT NULL,
  `meta_description` text CHARACTER SET utf8mb4 COLLATE utf8mb4_unicode_ci DEFAULT NULL,
  `youtube` varchar(191) CHARACTER SET utf8mb4 COLLATE utf8mb4_unicode_ci DEFAULT NULL,
  `type` enum('Physical','Digital','License') NOT NULL,
  `license` text CHARACTER SET utf8mb4 COLLATE utf8mb4_unicode_ci DEFAULT NULL,
  `license_qty` text CHARACTER SET utf8mb4 COLLATE utf8mb4_unicode_ci DEFAULT NULL,
  `link` text CHARACTER SET utf8mb4 COLLATE utf8mb4_unicode_ci DEFAULT NULL,
  `platform` varchar(255) DEFAULT NULL,
  `region` varchar(255) DEFAULT NULL,
  `licence_type` varchar(255) DEFAULT NULL,
  `measure` varchar(191) CHARACTER SET utf8mb4 COLLATE utf8mb4_unicode_ci DEFAULT NULL,
  `featured` tinyint(2) UNSIGNED NOT NULL DEFAULT 0,
  `best` tinyint(10) UNSIGNED NOT NULL DEFAULT 0,
  `top` tinyint(10) UNSIGNED NOT NULL DEFAULT 0,
  `hot` tinyint(10) UNSIGNED NOT NULL DEFAULT 0,
  `latest` tinyint(10) UNSIGNED NOT NULL DEFAULT 0,
  `big` tinyint(10) UNSIGNED NOT NULL DEFAULT 0,
  `trending` tinyint(1) NOT NULL DEFAULT 0,
  `sale` tinyint(1) NOT NULL DEFAULT 0,
  `created_at` timestamp NULL DEFAULT NULL,
  `updated_at` timestamp NULL DEFAULT NULL,
  `is_discount` tinyint(1) NOT NULL DEFAULT 0,
  `discount_date` text CHARACTER SET utf8mb4 COLLATE utf8mb4_unicode_ci DEFAULT NULL,
  `whole_sell_qty` text CHARACTER SET utf8mb4 COLLATE utf8mb4_unicode_ci DEFAULT NULL,
  `whole_sell_discount` text CHARACTER SET utf8mb4 COLLATE utf8mb4_unicode_ci DEFAULT NULL,
  `is_catalog` tinyint(1) NOT NULL DEFAULT 0,
  `catalog_id` int(191) NOT NULL DEFAULT 0
) ENGINE=InnoDB DEFAULT CHARSET=latin1;

--
-- Dumping data for table `products`
--

INSERT INTO `products` (`id`, `sku`, `product_type`, `affiliate_link`, `user_id`, `category_id`, `subcategory_id`, `childcategory_id`, `attributes`, `name`, `slug`, `photo`, `thumbnail`, `file`, `size`, `size_qty`, `size_price`, `color`, `price`, `previous_price`, `details`, `stock`, `policy`, `status`, `views`, `tags`, `features`, `colors`, `product_condition`, `ship`, `is_meta`, `meta_tag`, `meta_description`, `youtube`, `type`, `license`, `license_qty`, `link`, `platform`, `region`, `licence_type`, `measure`, `featured`, `best`, `top`, `hot`, `latest`, `big`, `trending`, `sale`, `created_at`, `updated_at`, `is_discount`, `discount_date`, `whole_sell_qty`, `whole_sell_discount`, `is_catalog`, `catalog_id`) VALUES
(183, 'MS-522354523', 'normal', NULL, 0, 18, NULL, NULL, '{\"make\":{\"values\":[\"volvo\"],\"prices\":[\"0\"],\"details_status\":1}}', '2021 Freightliner CASCADIA', '2021-freightliner-cascadia-ms-522354523', '16058825375T24Jxt6.png', '1605882537sKA1YkPp.jpg', NULL, NULL, NULL, NULL, NULL, 1495, 1590, 'Product Description.&nbsp;<span style=\"font-size: 16px;\">Product Description.&nbsp;</span><span style=\"font-size: 16px;\">Product Description.&nbsp;</span><span style=\"font-size: 16px;\">Product Description.</span><span style=\"font-size: 16px;\">Product Description.</span><span style=\"font-size: 16px;\">Product Description.</span><span style=\"font-size: 16px;\">Product Description.</span><span style=\"font-size: 16px;\">Product Description.</span><span style=\"font-size: 16px;\">Product Description.</span><span style=\"font-size: 16px;\">Product Description.</span><span style=\"font-size: 16px;\">Product Description.</span><span style=\"font-size: 16px;\">Product Description.</span><span style=\"font-size: 16px;\">Product Description.</span><span style=\"font-size: 16px;\">Product Description.</span><span style=\"font-size: 16px;\">Product Description.</span><span style=\"font-size: 16px;\">Product Description.</span><span style=\"font-size: 16px;\">Product Description.</span><span style=\"font-size: 16px;\">Product Description.</span><span style=\"font-size: 16px;\">Product Description.</span><span style=\"font-size: 16px;\">Product Description.</span><span style=\"font-size: 16px;\">Product Description.</span><span style=\"font-size: 16px;\">Product Description.</span><span style=\"font-size: 16px;\">Product Description.</span><span style=\"font-size: 16px;\">Product Description.</span><span style=\"font-size: 16px;\">Product Description.</span><span style=\"font-size: 16px;\">Product Description.</span>', 4, '<br>', 1, 14, 'heavy,truck', NULL, NULL, 2, NULL, 0, NULL, NULL, NULL, 'Physical', NULL, NULL, NULL, NULL, NULL, NULL, NULL, 0, 0, 0, 0, 0, 0, 0, 0, '2020-11-20 22:28:57', '2020-11-23 02:22:47', 0, NULL, NULL, NULL, 0, 0),
(184, 'MS-534564564', 'normal', NULL, 0, 18, NULL, NULL, '{\"make\":{\"values\":[\"volvo\"],\"prices\":[\"0\"],\"details_status\":1},\"model\":{\"values\":[\"860 GLOBETROTTER\"],\"prices\":[\"0\"],\"details_status\":1},\"fuel_type\":{\"values\":[\"diesel\"],\"prices\":[\"0\"],\"details_status\":1},\"year\":{\"values\":[\"2021\"],\"prices\":[\"0\"],\"details_status\":1}}', '2021 Volvo 860 Globetrotter', '2021-volvo-860-globetrotter-ms-534564564', '1605897571PuoZTzW8.png', '1605897572LwhnYtqp.jpg', NULL, NULL, NULL, NULL, NULL, 1495, 1565, '<div>**The price listed is a BIWEEKLY payment**</div><div><br></div><div>5 Year / 800000 KM Extended Warranty Included</div><div>5 Year / 800000 KM Towing Included</div><div>2 Year Volvo Regular Maintenance Included.</div><div><br></div><div>LARGEST LEASING COMPANY IN CANADA &amp; USA, CHOOSE FROM MULTIPLE UNITS IN STOCK. T-PINE LEASING is your centrally located leasing company /WHOLESALE TRUCK SUPPLIER serving your needs nationally and in USA. We carry a wide spread inventory, Day cabs/Sleepers including Volvo, Freightliner, Kenworth, Peterbilt and International. We can also trade in your used trucks!</div>', 4, 'dfsdgsef', 1, 49, 'volvo,heavy,truck,globetrotter', NULL, NULL, 1, NULL, 0, NULL, NULL, NULL, 'Physical', NULL, NULL, NULL, NULL, NULL, NULL, NULL, 0, 0, 0, 0, 0, 0, 0, 0, '2020-11-20 22:53:04', '2020-11-23 22:34:51', 0, NULL, NULL, NULL, 1, 0),
(185, 'pMu9981EAw', 'normal', NULL, 32, 18, NULL, NULL, '{\"make\":{\"values\":[\"volvo\"],\"prices\":[\"0\"],\"details_status\":1},\"model\":{\"values\":[\"860 GLOBETROTTER\"],\"prices\":[\"0\"],\"details_status\":1},\"fuel_type\":{\"values\":[\"diesel\"],\"prices\":[\"0\"],\"details_status\":1},\"year\":{\"values\":[\"2021\"],\"prices\":[\"0\"],\"details_status\":1}}', '2021 Volvo 860 Globetrotter', '2021-volvo-860-globetrotter-pmu9981eaw', '1605950019t4pantkj.jpg', '1605950019pVAXmxPj.jpg', NULL, NULL, NULL, NULL, NULL, 1495, 1565, '<div>**The price listed is a BIWEEKLY payment**</div><div><br></div><div>5 Year / 800000 KM Extended Warranty Included</div><div>5 Year / 800000 KM Towing Included</div><div>2 Year Volvo Regular Maintenance Included.</div><div><br></div><div>LARGEST LEASING COMPANY IN CANADA &amp; USA, CHOOSE FROM MULTIPLE UNITS IN STOCK. T-PINE LEASING is your centrally located leasing company /WHOLESALE TRUCK SUPPLIER serving your needs nationally and in USA. We carry a wide spread inventory, Day cabs/Sleepers including Volvo, Freightliner, Kenworth, Peterbilt and International. We can also trade in your used trucks!</div>', 4, 'dfsdgsefadfsfsdfsdfsdfsdfsdfsdf', 1, 7, 'volvo,heavy,truck,globetrotter', NULL, NULL, 1, NULL, 0, 'sdfsd', 'dfsfsdfsdf', NULL, 'Physical', NULL, NULL, NULL, NULL, NULL, NULL, NULL, 1, 0, 0, 0, 0, 0, 0, 0, '2020-11-21 17:13:38', '2020-11-26 03:20:54', 0, NULL, NULL, NULL, 0, 184),
(186, '0W67559wDB', 'normal', NULL, 0, 17, NULL, NULL, '{\"make\":{\"values\":[\"honda\"],\"prices\":[\"0\"],\"details_status\":1},\"model\":{\"values\":[\"sefse3\"],\"prices\":[\"0\"],\"details_status\":1},\"year\":{\"values\":[\"2020\"],\"prices\":[\"0\"],\"details_status\":1}}', '2016 Honda sefse3', 'htjhthdrhdrhdr-0w67559wdb', '1606057658yG8hnW5r.png', '1606057659Gqi4NBBX.jpg', NULL, NULL, NULL, NULL, NULL, 50000, 60000, 'This tuck is my favorite one.&nbsp;<span style=\"font-size: 16px;\">This tuck is my favorite one.&nbsp;</span><span style=\"font-size: 16px;\">This tuck is my favorite one.&nbsp;</span><span style=\"font-size: 16px;\">This tuck is my favorite one.&nbsp;</span><span style=\"font-size: 16px;\">This tuck is my favorite one.&nbsp;</span><span style=\"font-size: 16px;\">This tuck is my favorite one.&nbsp;</span><span style=\"font-size: 16px;\">This tuck is my favorite one.&nbsp;</span><span style=\"font-size: 16px;\">This tuck is my favorite one.&nbsp;</span><span style=\"font-size: 16px;\">This tuck is my favorite one.&nbsp;</span><span style=\"font-size: 16px;\">This tuck is my favorite one.&nbsp;</span><span style=\"font-size: 16px;\">This tuck is my favorite one.&nbsp;</span><span style=\"font-size: 16px;\">This tuck is my favorite one.&nbsp;</span><span style=\"font-size: 16px;\">This tuck is my favorite one.&nbsp;</span><span style=\"font-size: 16px;\">This tuck is my favorite one.&nbsp;</span><span style=\"font-size: 16px;\">This tuck is my favorite one.&nbsp;</span>', 4, 'adgasfsdagse', 1, 30, NULL, NULL, NULL, 2, NULL, 0, NULL, NULL, NULL, 'Physical', NULL, NULL, NULL, NULL, NULL, NULL, NULL, 1, 0, 0, 0, 0, 0, 0, 0, '2020-11-22 23:07:38', '2020-11-26 21:11:20', 0, NULL, NULL, NULL, 0, 0),
(187, 'H6Z69670DY', 'normal', NULL, 0, 17, NULL, NULL, '{\"make\":{\"values\":[\"honda\"],\"prices\":[\"0\"],\"details_status\":1},\"model\":{\"values\":[\"sefse3\"],\"prices\":[\"0\"],\"details_status\":1},\"year\":{\"values\":[\"2020\"],\"prices\":[\"0\"],\"details_status\":1}}', '2017 Freightliner CASADIA', 'sfseefesfsef-h6z69670dy', '1606097027NEHnmk0n.png', '1606097028lRjNIeMC.jpg', NULL, NULL, NULL, NULL, NULL, 50000, 55000, '<span style=\"font-size: 16px;\">This is my descriptions.&nbsp;</span><span style=\"font-size: 16px;\">This is my descriptions.&nbsp;</span><span style=\"font-size: 16px;\">This is my descriptions.&nbsp;</span><span style=\"font-size: 16px;\">This is my descriptions.&nbsp;</span><span style=\"font-size: 16px;\">This is my descriptions.&nbsp;</span><span style=\"font-size: 16px;\">This is my descriptions.&nbsp;</span><br>', 4, '<span style=\"font-size: 16px;\">This is my descriptions.&nbsp;</span><span style=\"font-size: 16px;\">This is my descriptions.&nbsp;</span><span style=\"font-size: 16px;\">This is my descriptions.&nbsp;</span><span style=\"font-size: 16px;\">This is my descriptions.&nbsp;</span><span style=\"font-size: 16px;\">This is my descriptions.&nbsp;</span><span style=\"font-size: 16px;\">This is my descriptions.&nbsp;</span><br>', 1, 8, 'honda,2020,sefse3', NULL, NULL, 0, NULL, 0, NULL, NULL, NULL, 'Physical', NULL, NULL, NULL, NULL, NULL, NULL, NULL, 1, 0, 0, 0, 0, 0, 0, 0, '2020-11-23 10:03:47', '2020-11-26 22:50:38', 0, NULL, NULL, NULL, 0, 0),
(189, 'N7S1173Y78', 'normal', NULL, 29, 17, NULL, NULL, '{\"make\":{\"values\":[\"volvo\"],\"prices\":[\"0\"],\"details_status\":1},\"model\":{\"values\":[\"sefse3\"],\"prices\":[\"0\"],\"details_status\":1},\"year\":{\"values\":[\"2020\"],\"prices\":[\"0\"],\"details_status\":1}}', '2018 Volvo 680 Globetrotter', 'vittali-dsfsdsdf-lyappunov-n7s1173y78', '1606122209xGUUogQV.jpg', '1606122209RkDQJR2G.jpg', NULL, NULL, NULL, NULL, NULL, 45000, 50000, '<span style=\"font-size: 16px;\">This is my truck\'s descrioption.&nbsp;</span><span style=\"font-size: 16px;\">This is my truck\'s descrioption.&nbsp;</span><span style=\"font-size: 16px;\">This is my truck\'s descrioption.&nbsp;</span><span style=\"font-size: 16px;\">This is my truck\'s descrioption.&nbsp;</span><span style=\"font-size: 16px;\">This is my truck\'s descrioption.&nbsp;</span><span style=\"font-size: 16px;\">This is my truck\'s descrioption.&nbsp;</span><br>', 4, '<span style=\"font-size: 16px;\">This is my truck\'s descrioption.&nbsp;</span><span style=\"font-size: 16px;\">This is my truck\'s descrioption.&nbsp;</span><span style=\"font-size: 16px;\">This is my truck\'s descrioption.&nbsp;</span><span style=\"font-size: 16px;\">This is my truck\'s descrioption.&nbsp;</span><span style=\"font-size: 16px;\">This is my truck\'s descrioption.&nbsp;</span><span style=\"font-size: 16px;\">This is my truck\'s descrioption.&nbsp;</span><br>', 1, 59, 'volvo,2020,sefse3', NULL, NULL, 1, NULL, 0, NULL, NULL, NULL, 'Physical', NULL, NULL, NULL, NULL, NULL, NULL, NULL, 1, 0, 0, 0, 0, 0, 0, 0, '2020-11-23 16:47:02', '2020-11-26 19:42:10', 0, NULL, NULL, NULL, 0, 0),
(190, 'J7j0341wVn', 'normal', NULL, 0, 18, NULL, NULL, '{\"make\":{\"values\":[\"honda\"],\"prices\":[\"0\"],\"details_status\":1},\"model\":{\"values\":[\"760 GLOBETROTTER\"],\"prices\":[\"0\"],\"details_status\":1},\"fuel_type\":{\"values\":[\"diesel\"],\"prices\":[\"0\"],\"details_status\":1},\"year\":{\"values\":[\"2019\"],\"prices\":[\"0\"],\"details_status\":1}}', '2020 Honda CASCADIA', 'werwrwewrwrwre-j7j0341wvn', '1606190410Iufx2Ovw.png', '16061904102qJ4geP8.jpg', NULL, NULL, NULL, NULL, NULL, 67000, 70000, 'this is the test discription.&nbsp;<span style=\"font-size: 16px;\">this is the test discription.&nbsp;</span><span style=\"font-size: 16px;\">this is the test discription.&nbsp;</span><span style=\"font-size: 16px;\">this is the test discription.&nbsp;</span><span style=\"font-size: 16px;\">this is the test discription.&nbsp;</span><span style=\"font-size: 16px;\">this is the test discription.&nbsp;</span><span style=\"font-size: 16px;\">this is the test discription.&nbsp;</span><span style=\"font-size: 16px;\">this is the test discription.&nbsp;</span><span style=\"font-size: 16px;\">this is the test discription.&nbsp;</span><span style=\"font-size: 16px;\">this is the test discription.&nbsp;</span>', 6, NULL, 1, 1, 'sf,fgdg,rdd', NULL, NULL, 2, NULL, 0, NULL, NULL, NULL, 'Physical', NULL, NULL, NULL, NULL, NULL, NULL, NULL, 0, 0, 0, 0, 0, 0, 0, 0, '2020-11-24 12:00:10', '2020-11-26 03:19:48', 0, NULL, NULL, NULL, 0, 0),
(191, 'h8F7441zZ7', 'normal', NULL, 29, 17, NULL, NULL, '{\"make\":{\"values\":[\"honda\"],\"prices\":[\"0\"],\"details_status\":1},\"model\":{\"values\":[\"hyfd\"],\"prices\":[\"0\"],\"details_status\":1},\"year\":{\"values\":[\"2021\"],\"prices\":[\"0\"],\"details_status\":1}}', '2018 HONDA SEFSE3', 'esgfgdrhgsef-h8f7441zz7', '1606210105Hhz9iai5.jpg', '1606210106W63AzCwy.jpg', NULL, NULL, NULL, NULL, NULL, 57000, 60000, '<span style=\"font-size: 16px;\">This is my truck\'s description.&nbsp;</span><span style=\"font-size: 16px;\">This is my truck\'s description.&nbsp;</span><span style=\"font-size: 16px;\">This is my truck\'s description.&nbsp;</span><span style=\"font-size: 16px;\">This is my truck\'s description.&nbsp;</span><span style=\"font-size: 16px;\">This is my truck\'s description.&nbsp;</span><span style=\"font-size: 16px;\">This is my truck\'s description.&nbsp;</span><br>', 7, NULL, 0, 5, 'ret,cb,chfd.', NULL, NULL, 0, NULL, 0, NULL, NULL, NULL, 'Physical', NULL, NULL, NULL, NULL, NULL, NULL, NULL, 0, 0, 0, 0, 0, 0, 0, 0, '2020-11-24 16:46:35', '2020-11-24 20:28:13', 0, NULL, NULL, NULL, 0, 0),
(195, 'QUm6951J4j', 'normal', NULL, 34, 22, NULL, NULL, NULL, '2017 HINO 268 18FT REFRIGERATED BOX (8273)', '2017-hino-268-18ft-refrigerated-box-8273-qum6951j4j', '1606416995dev89Rsh.jpg', '1606416995x4ZiTCtT.jpg', NULL, NULL, NULL, NULL, NULL, 65000, 70000, '<br>', NULL, NULL, 1, 0, '2017,hino,box,box truck', NULL, NULL, 0, NULL, 0, NULL, NULL, NULL, 'Physical', NULL, NULL, NULL, NULL, NULL, NULL, NULL, 0, 0, 0, 0, 0, 0, 0, 0, '2020-11-27 02:56:34', '2020-11-27 02:56:35', 0, NULL, NULL, NULL, 0, 0);

-- --------------------------------------------------------

--
-- Table structure for table `product_clicks`
--

CREATE TABLE `product_clicks` (
  `id` int(191) NOT NULL,
  `product_id` int(191) NOT NULL,
  `date` date DEFAULT NULL
) ENGINE=InnoDB DEFAULT CHARSET=latin1;

--
-- Dumping data for table `product_clicks`
--

INSERT INTO `product_clicks` (`id`, `product_id`, `date`) VALUES
(4, 102, '2020-01-12'),
(5, 171, '2020-01-23'),
(6, 95, '2020-01-23'),
(7, 130, '2020-01-27'),
(8, 130, '2020-01-27'),
(9, 130, '2020-01-27'),
(10, 102, '2020-02-01'),
(11, 101, '2020-02-01'),
(12, 100, '2020-02-01'),
(13, 99, '2020-02-01'),
(14, 96, '2020-02-01'),
(15, 96, '2020-02-01'),
(16, 96, '2020-02-01'),
(17, 96, '2020-02-01'),
(18, 96, '2020-02-01'),
(19, 100, '2020-11-20'),
(20, 107, '2020-11-20'),
(21, 183, '2020-11-20'),
(22, 184, '2020-11-20'),
(23, 183, '2020-11-20'),
(24, 184, '2020-11-20'),
(25, 184, '2020-11-20'),
(26, 184, '2020-11-20'),
(27, 184, '2020-11-21'),
(28, 184, '2020-11-21'),
(29, 183, '2020-11-21'),
(30, 184, '2020-11-21'),
(31, 183, '2020-11-21'),
(32, 184, '2020-11-21'),
(33, 185, '2020-11-21'),
(34, 185, '2020-11-21'),
(35, 184, '2020-11-21'),
(36, 184, '2020-11-21'),
(37, 184, '2020-11-22'),
(38, 184, '2020-11-22'),
(39, 184, '2020-11-22'),
(40, 183, '2020-11-22'),
(41, 184, '2020-11-22'),
(42, 184, '2020-11-22'),
(43, 184, '2020-11-22'),
(44, 186, '2020-11-22'),
(45, 183, '2020-11-22'),
(46, 185, '2020-11-22'),
(47, 184, '2020-11-22'),
(48, 184, '2020-11-22'),
(49, 184, '2020-11-22'),
(50, 184, '2020-11-22'),
(51, 184, '2020-11-22'),
(52, 184, '2020-11-22'),
(53, 184, '2020-11-22'),
(54, 184, '2020-11-22'),
(55, 184, '2020-11-22'),
(56, 184, '2020-11-22'),
(57, 184, '2020-11-22'),
(58, 184, '2020-11-22'),
(59, 184, '2020-11-22'),
(60, 184, '2020-11-22'),
(61, 184, '2020-11-22'),
(62, 184, '2020-11-22'),
(63, 184, '2020-11-22'),
(64, 184, '2020-11-22'),
(65, 184, '2020-11-22'),
(66, 184, '2020-11-22'),
(67, 184, '2020-11-22'),
(68, 184, '2020-11-22'),
(69, 184, '2020-11-22'),
(70, 184, '2020-11-22'),
(71, 184, '2020-11-22'),
(72, 184, '2020-11-22'),
(73, 183, '2020-11-22'),
(74, 183, '2020-11-22'),
(75, 183, '2020-11-22'),
(76, 184, '2020-11-22'),
(77, 183, '2020-11-22'),
(78, 184, '2020-11-22'),
(79, 185, '2020-11-22'),
(80, 183, '2020-11-22'),
(81, 186, '2020-11-22'),
(82, 184, '2020-11-22'),
(83, 183, '2020-11-22'),
(84, 183, '2020-11-22'),
(85, 183, '2020-11-22'),
(86, 186, '2020-11-22'),
(87, 186, '2020-11-22'),
(88, 186, '2020-11-22'),
(89, 186, '2020-11-22'),
(90, 186, '2020-11-22'),
(91, 186, '2020-11-22'),
(92, 186, '2020-11-22'),
(93, 186, '2020-11-22'),
(94, 186, '2020-11-22'),
(95, 186, '2020-11-22'),
(96, 186, '2020-11-22'),
(97, 186, '2020-11-22'),
(98, 186, '2020-11-22'),
(99, 186, '2020-11-22'),
(100, 186, '2020-11-22'),
(101, 186, '2020-11-22'),
(102, 186, '2020-11-22'),
(103, 186, '2020-11-22'),
(104, 186, '2020-11-22'),
(105, 186, '2020-11-23'),
(106, 186, '2020-11-23'),
(107, 186, '2020-11-23'),
(108, 189, '2020-11-23'),
(109, 189, '2020-11-23'),
(110, 189, '2020-11-23'),
(111, 189, '2020-11-23'),
(112, 189, '2020-11-23'),
(113, 189, '2020-11-23'),
(114, 184, '2020-11-23'),
(115, 189, '2020-11-23'),
(116, 184, '2020-11-23'),
(117, 184, '2020-11-23'),
(118, 189, '2020-11-23'),
(119, 184, '2020-11-23'),
(120, 189, '2020-11-23'),
(121, 189, '2020-11-23'),
(122, 189, '2020-11-23'),
(123, 189, '2020-11-23'),
(124, 189, '2020-11-23'),
(125, 189, '2020-11-23'),
(126, 189, '2020-11-23'),
(127, 189, '2020-11-23'),
(128, 189, '2020-11-23'),
(129, 189, '2020-11-23'),
(130, 189, '2020-11-23'),
(131, 189, '2020-11-23'),
(132, 189, '2020-11-23'),
(133, 189, '2020-11-23'),
(134, 189, '2020-11-23'),
(135, 189, '2020-11-23'),
(136, 189, '2020-11-23'),
(137, 189, '2020-11-23'),
(138, 189, '2020-11-23'),
(139, 189, '2020-11-23'),
(140, 189, '2020-11-23'),
(141, 189, '2020-11-23'),
(142, 189, '2020-11-23'),
(143, 189, '2020-11-23'),
(144, 189, '2020-11-23'),
(145, 189, '2020-11-23'),
(146, 189, '2020-11-23'),
(147, 189, '2020-11-23'),
(148, 189, '2020-11-23'),
(149, 189, '2020-11-23'),
(150, 189, '2020-11-23'),
(151, 189, '2020-11-23'),
(152, 189, '2020-11-23'),
(153, 191, '2020-11-24'),
(154, 189, '2020-11-24'),
(155, 191, '2020-11-24'),
(156, 191, '2020-11-24'),
(157, 186, '2020-11-24'),
(158, 187, '2020-11-24'),
(159, 191, '2020-11-24'),
(160, 189, '2020-11-24'),
(161, 186, '2020-11-24'),
(162, 185, '2020-11-24'),
(163, 187, '2020-11-24'),
(164, 187, '2020-11-24'),
(165, 191, '2020-11-24'),
(166, 189, '2020-11-24'),
(167, 189, '2020-11-24'),
(168, 189, '2020-11-24'),
(169, 186, '2020-11-25'),
(170, 193, '2020-11-25'),
(171, 192, '2020-11-25'),
(172, 189, '2020-11-25'),
(173, 187, '2020-11-25'),
(174, 187, '2020-11-25'),
(175, 189, '2020-11-25'),
(176, 189, '2020-11-25'),
(177, 185, '2020-11-25'),
(178, 189, '2020-11-25'),
(179, 189, '2020-11-25'),
(180, 189, '2020-11-25'),
(181, 189, '2020-11-25'),
(182, 186, '2020-11-25'),
(183, 189, '2020-11-25'),
(184, 189, '2020-11-25'),
(185, 187, '2020-11-25'),
(186, 187, '2020-11-25'),
(187, 189, '2020-11-25'),
(188, 189, '2020-11-25'),
(189, 190, '2020-11-25'),
(190, 185, '2020-11-25'),
(191, 189, '2020-11-25'),
(192, 189, '2020-11-26'),
(193, 186, '2020-11-26'),
(194, 186, '2020-11-26'),
(195, 187, '2020-11-26');

-- --------------------------------------------------------

--
-- Table structure for table `ratings`
--

CREATE TABLE `ratings` (
  `id` int(191) NOT NULL,
  `user_id` int(191) NOT NULL,
  `product_id` int(191) NOT NULL,
  `review` text CHARACTER SET utf8mb4 COLLATE utf8mb4_unicode_ci DEFAULT NULL,
  `rating` tinyint(2) NOT NULL,
  `review_date` datetime NOT NULL
) ENGINE=InnoDB DEFAULT CHARSET=latin1;

-- --------------------------------------------------------

--
-- Table structure for table `replies`
--

CREATE TABLE `replies` (
  `id` int(11) NOT NULL,
  `user_id` int(191) UNSIGNED NOT NULL,
  `comment_id` int(191) UNSIGNED NOT NULL,
  `text` text CHARACTER SET utf8mb4 COLLATE utf8mb4_unicode_ci NOT NULL,
  `created_at` timestamp NOT NULL DEFAULT '0000-00-00 00:00:00',
  `updated_at` timestamp NOT NULL DEFAULT '0000-00-00 00:00:00' ON UPDATE current_timestamp()
) ENGINE=InnoDB DEFAULT CHARSET=latin1;

-- --------------------------------------------------------

--
-- Table structure for table `reports`
--

CREATE TABLE `reports` (
  `id` int(191) NOT NULL,
  `user_id` int(191) NOT NULL,
  `product_id` int(192) NOT NULL,
  `title` text CHARACTER SET utf8mb4 COLLATE utf8mb4_unicode_ci DEFAULT NULL,
  `note` text CHARACTER SET utf8mb4 COLLATE utf8mb4_unicode_ci DEFAULT NULL,
  `created_at` timestamp NULL DEFAULT NULL,
  `updated_at` timestamp NULL DEFAULT NULL
) ENGINE=InnoDB DEFAULT CHARSET=latin1;

-- --------------------------------------------------------

--
-- Table structure for table `reviews`
--

CREATE TABLE `reviews` (
  `id` int(10) UNSIGNED NOT NULL,
  `photo` varchar(191) COLLATE utf8mb4_unicode_ci DEFAULT NULL,
  `title` varchar(191) COLLATE utf8mb4_unicode_ci DEFAULT NULL,
  `subtitle` text COLLATE utf8mb4_unicode_ci DEFAULT NULL,
  `details` text COLLATE utf8mb4_unicode_ci DEFAULT NULL
) ENGINE=InnoDB DEFAULT CHARSET=utf8mb4 COLLATE=utf8mb4_unicode_ci;

-- --------------------------------------------------------

--
-- Table structure for table `roles`
--

CREATE TABLE `roles` (
  `id` int(191) NOT NULL,
  `name` varchar(191) CHARACTER SET utf8mb4 COLLATE utf8mb4_unicode_ci DEFAULT NULL,
  `section` text CHARACTER SET utf8mb4 COLLATE utf8mb4_unicode_ci DEFAULT NULL
) ENGINE=InnoDB DEFAULT CHARSET=latin1;

--
-- Dumping data for table `roles`
--

INSERT INTO `roles` (`id`, `name`, `section`) VALUES
(16, 'Manager', 'orders , products , affilate_products , customers , vendors , vendor_subscription_plans , categories , bulk_product_upload , product_discussion , set_coupons , blog , messages , general_settings , home_page_settings , menu_page_settings , emails_settings , payment_settings , social_settings , language_settings , seo_tools , manage_staffs , subscribers'),
(17, 'Moderator', 'orders , products , customers , vendors , categories , blog , messages , home_page_settings , payment_settings , social_settings , language_settings , seo_tools , subscribers'),
(18, 'Staff', 'orders , products , vendors , vendor_subscription_plans , categories , blog , home_page_settings , menu_page_settings , language_settings , seo_tools , subscribers');

-- --------------------------------------------------------

--
-- Table structure for table `seotools`
--

CREATE TABLE `seotools` (
  `id` int(10) UNSIGNED NOT NULL,
  `google_analytics` text COLLATE utf8mb4_unicode_ci DEFAULT NULL,
  `meta_keys` text COLLATE utf8mb4_unicode_ci DEFAULT NULL
) ENGINE=InnoDB DEFAULT CHARSET=utf8mb4 COLLATE=utf8mb4_unicode_ci;

--
-- Dumping data for table `seotools`
--

INSERT INTO `seotools` (`id`, `google_analytics`, `meta_keys`) VALUES
(1, '<script>//Google Analytics Scriptfffffffffffffffffffffffssssfffffs</script>', 'Genius,Ocean,Sea,Etc,Genius,Ocean,SeaGenius,Ocean,Sea,Etc,Genius,Ocean,SeaGenius,Ocean,Sea,Etc,Genius,Ocean,Sea');

-- --------------------------------------------------------

--
-- Table structure for table `services`
--

CREATE TABLE `services` (
  `id` int(191) NOT NULL,
  `user_id` int(191) NOT NULL DEFAULT 0,
  `title` varchar(191) CHARACTER SET utf8mb4 COLLATE utf8mb4_unicode_ci NOT NULL,
  `details` text CHARACTER SET utf8mb4 COLLATE utf8mb4_unicode_ci NOT NULL,
  `photo` varchar(191) CHARACTER SET utf8mb4 COLLATE utf8mb4_unicode_ci NOT NULL
) ENGINE=InnoDB DEFAULT CHARSET=latin1;

--
-- Dumping data for table `services`
--

INSERT INTO `services` (`id`, `user_id`, `title`, `details`, `photo`) VALUES
(2, 0, 'FREE SHIPPING', 'Free Shipping All Order', '1571288944s1.png'),
(3, 0, 'PAYMENT METHOD', 'Secure Payment', '1571288950s2.png'),
(4, 0, '30 DAY RETURNS', '30-Day Return Policy', '1571288955s3.png'),
(5, 0, 'HELP CENTER', '24/7 Support System', '1571288959s4.png'),
(6, 13, 'FREE SHIPPING', 'Free Shipping All Order', '1571457250s1.png'),
(7, 13, 'PAYMENT METHOD', 'Secure Payment', '1571457257s2.png'),
(8, 13, '30 DAY RETURNS', '30-Day Return Policy', '1571457261s3.png'),
(9, 13, 'HELP CENTER', '24/7 Support System', '1571457265s4.png');

-- --------------------------------------------------------

--
-- Table structure for table `shippings`
--

CREATE TABLE `shippings` (
  `id` int(11) NOT NULL,
  `user_id` int(191) NOT NULL DEFAULT 0,
  `title` text DEFAULT NULL,
  `subtitle` text DEFAULT NULL,
  `price` double NOT NULL DEFAULT 0
) ENGINE=InnoDB DEFAULT CHARSET=latin1;

--
-- Dumping data for table `shippings`
--

INSERT INTO `shippings` (`id`, `user_id`, `title`, `subtitle`, `price`) VALUES
(1, 0, 'Free Shipping', '(10 - 12 days)', 0),
(2, 0, 'Express Shipping', '(5 - 6 days)', 10);

-- --------------------------------------------------------

--
-- Table structure for table `sliders`
--

CREATE TABLE `sliders` (
  `id` int(191) UNSIGNED NOT NULL,
  `subtitle_text` text CHARACTER SET utf8mb4 COLLATE utf8mb4_unicode_ci DEFAULT NULL,
  `subtitle_size` varchar(50) CHARACTER SET utf8mb4 COLLATE utf8mb4_unicode_ci DEFAULT NULL,
  `subtitle_color` varchar(50) CHARACTER SET utf8mb4 COLLATE utf8mb4_unicode_ci DEFAULT NULL,
  `subtitle_anime` varchar(50) CHARACTER SET utf8mb4 COLLATE utf8mb4_unicode_ci DEFAULT NULL,
  `title_text` text CHARACTER SET utf8mb4 COLLATE utf8mb4_unicode_ci DEFAULT NULL,
  `title_size` varchar(50) DEFAULT NULL,
  `title_color` varchar(50) DEFAULT NULL,
  `title_anime` varchar(50) DEFAULT NULL,
  `details_text` text CHARACTER SET utf8mb4 COLLATE utf8mb4_unicode_ci DEFAULT NULL,
  `details_size` varchar(50) DEFAULT NULL,
  `details_color` varchar(50) DEFAULT NULL,
  `details_anime` varchar(50) DEFAULT NULL,
  `photo` varchar(191) CHARACTER SET utf8mb4 COLLATE utf8mb4_unicode_ci DEFAULT NULL,
  `position` varchar(50) CHARACTER SET utf8mb4 COLLATE utf8mb4_unicode_ci DEFAULT NULL,
  `link` text DEFAULT NULL
) ENGINE=InnoDB DEFAULT CHARSET=latin1;

--
-- Dumping data for table `sliders`
--

INSERT INTO `sliders` (`id`, `subtitle_text`, `subtitle_size`, `subtitle_color`, `subtitle_anime`, `title_text`, `title_size`, `title_color`, `title_anime`, `details_text`, `details_size`, `details_color`, `details_anime`, `photo`, `position`, `link`) VALUES
(8, NULL, '35', '#ffffff', 'slideInUp', '2014WESTERN STAR 4900SF', '60', '#ffffff', 'slideInDown', '– DD15 engine\r\n– Eaton Fuller transmission – FRO-16210C\r\n– 244 wheel base\r\n– 3.58 gear ratio\r\n– 12,350lb front axle\r\n– 40,000lb rear axle', '22', '#ffffff', 'slideInRight', '1606381706freightliner2.png', 'slide-one', 'https://www.google.com/'),
(9, NULL, '25', '#ffffff', 'slideInUp', 'FREIGHTLINER CASCADIATRUCK', '50', '#ffffff', 'flipInX', 'Front Axle: 12500\r\nRear Axle: 40000\r\nDifferential Ratio: 3.7\r\nSuspension: Airliner 40\r\nWheelbase: 228\r\nBrakes: Air', '18', '#ffffff', 'fadeInUp', '1606381688freightliner.png', 'slide-one', 'https://www.google.com/'),
(10, NULL, '25', '#085770', 'slideInUp', '2017 HINO 268 18FT REFRIGERATED BOX (8273)', '40', '#ffffff', 'fadeInRight', 'Thermoking MD300 w/ Elec Standby\r\nAir Ride Driver Seat\r\nBench Seat Passenger\r\nCruise Control', '18', '#ffffff', 'slideInLeft', '1606381666Hino268.png', 'slide-three', 'https://www.google.com/');

-- --------------------------------------------------------

--
-- Table structure for table `socialsettings`
--

CREATE TABLE `socialsettings` (
  `id` int(10) UNSIGNED NOT NULL,
  `facebook` varchar(191) COLLATE utf8mb4_unicode_ci NOT NULL,
  `gplus` varchar(191) COLLATE utf8mb4_unicode_ci NOT NULL,
  `twitter` varchar(191) COLLATE utf8mb4_unicode_ci NOT NULL,
  `linkedin` varchar(191) COLLATE utf8mb4_unicode_ci NOT NULL,
  `dribble` varchar(191) COLLATE utf8mb4_unicode_ci DEFAULT NULL,
  `f_status` tinyint(4) NOT NULL DEFAULT 1,
  `g_status` tinyint(4) NOT NULL DEFAULT 1,
  `t_status` tinyint(4) NOT NULL DEFAULT 1,
  `l_status` tinyint(4) NOT NULL DEFAULT 1,
  `d_status` tinyint(4) NOT NULL DEFAULT 1,
  `f_check` tinyint(10) DEFAULT NULL,
  `g_check` tinyint(10) DEFAULT NULL,
  `fclient_id` text COLLATE utf8mb4_unicode_ci DEFAULT NULL,
  `fclient_secret` text COLLATE utf8mb4_unicode_ci DEFAULT NULL,
  `fredirect` text COLLATE utf8mb4_unicode_ci DEFAULT NULL,
  `gclient_id` text COLLATE utf8mb4_unicode_ci DEFAULT NULL,
  `gclient_secret` text COLLATE utf8mb4_unicode_ci DEFAULT NULL,
  `gredirect` text COLLATE utf8mb4_unicode_ci DEFAULT NULL
) ENGINE=InnoDB DEFAULT CHARSET=utf8mb4 COLLATE=utf8mb4_unicode_ci;

--
-- Dumping data for table `socialsettings`
--

INSERT INTO `socialsettings` (`id`, `facebook`, `gplus`, `twitter`, `linkedin`, `dribble`, `f_status`, `g_status`, `t_status`, `l_status`, `d_status`, `f_check`, `g_check`, `fclient_id`, `fclient_secret`, `fredirect`, `gclient_id`, `gclient_secret`, `gredirect`) VALUES
(1, 'https://www.facebook.com/', 'https://plus.google.com/', 'https://twitter.com/', 'https://www.linkedin.com/', 'https://dribbble.com/', 1, 1, 1, 1, 1, 1, 1, '503140663460329', 'f66cd670ec43d14209a2728af26dcc43', 'https://localhost/upgraded/kingcommerce-new/auth/facebook/callback', '904681031719-sh1aolu42k7l93ik0bkiddcboghbpcfi.apps.googleusercontent.com', 'yGBWmUpPtn5yWhDAsXnswEX3', 'http://localhost/upgraded/kingcommerce-new/auth/google/callback');

-- --------------------------------------------------------

--
-- Table structure for table `social_providers`
--

CREATE TABLE `social_providers` (
  `id` int(191) NOT NULL,
  `user_id` int(191) NOT NULL,
  `provider_id` varchar(191) CHARACTER SET utf8mb4 COLLATE utf8mb4_unicode_ci NOT NULL,
  `provider` varchar(191) CHARACTER SET utf8mb4 COLLATE utf8mb4_unicode_ci NOT NULL,
  `created_at` timestamp NULL DEFAULT NULL,
  `updated_at` timestamp NULL DEFAULT NULL
) ENGINE=InnoDB DEFAULT CHARSET=latin1;

-- --------------------------------------------------------

--
-- Table structure for table `subcategories`
--

CREATE TABLE `subcategories` (
  `id` int(191) NOT NULL,
  `category_id` int(191) NOT NULL,
  `name` varchar(191) CHARACTER SET utf8mb4 COLLATE utf8mb4_unicode_ci NOT NULL,
  `slug` varchar(191) CHARACTER SET utf8mb4 COLLATE utf8mb4_unicode_ci NOT NULL,
  `status` tinyint(4) NOT NULL DEFAULT 1
) ENGINE=InnoDB DEFAULT CHARSET=latin1;

-- --------------------------------------------------------

--
-- Table structure for table `subscribers`
--

CREATE TABLE `subscribers` (
  `id` int(191) NOT NULL,
  `email` varchar(191) CHARACTER SET utf8mb4 COLLATE utf8mb4_unicode_ci NOT NULL
) ENGINE=InnoDB DEFAULT CHARSET=latin1;

-- --------------------------------------------------------

--
-- Table structure for table `subscriptions`
--

CREATE TABLE `subscriptions` (
  `id` int(11) NOT NULL,
  `title` text CHARACTER SET utf8mb4 COLLATE utf8mb4_unicode_ci NOT NULL,
  `currency` varchar(50) CHARACTER SET utf8mb4 COLLATE utf8mb4_unicode_ci NOT NULL,
  `currency_code` varchar(50) CHARACTER SET utf8mb4 COLLATE utf8mb4_unicode_ci NOT NULL,
  `price` double NOT NULL DEFAULT 0,
  `days` int(11) NOT NULL,
  `allowed_products` int(11) NOT NULL DEFAULT 0,
  `details` text CHARACTER SET utf8mb4 COLLATE utf8mb4_unicode_ci DEFAULT NULL
) ENGINE=InnoDB DEFAULT CHARSET=latin1;

--
-- Dumping data for table `subscriptions`
--

INSERT INTO `subscriptions` (`id`, `title`, `currency`, `currency_code`, `price`, `days`, `allowed_products`, `details`) VALUES
(6, 'Gold', '$', 'CAD', 120, 90, 90, '<font color=\"#000000\">This is Gold level subscrioption.</font>'),
(7, 'Silver', '$', 'USD', 250, 365, 20, '<font color=\"#000000\">This is silver level subscriotion.</font>'),
(8, 'Basic', '$', 'USD', 0, 30, 10, '<ol><li>Lorem ipsum dolor sit amet<br></li><li>Lorem ipsum dolor sit ame<br></li><li>Lorem ipsum dolor sit am<br></li></ol>');

-- --------------------------------------------------------

--
-- Table structure for table `transactions`
--

CREATE TABLE `transactions` (
  `id` int(11) NOT NULL,
  `user_id` int(191) DEFAULT NULL,
  `txn_number` text CHARACTER SET utf8mb4 COLLATE utf8mb4_unicode_ci DEFAULT NULL,
  `amount` double DEFAULT 0,
  `currency_sign` blob DEFAULT NULL,
  `currency_code` varchar(255) CHARACTER SET utf8mb4 COLLATE utf8mb4_unicode_ci DEFAULT NULL,
  `currency_value` double NOT NULL DEFAULT 0,
  `method` varchar(255) CHARACTER SET utf8mb4 COLLATE utf8mb4_unicode_ci DEFAULT NULL,
  `txnid` varchar(255) CHARACTER SET utf8mb4 COLLATE utf8mb4_unicode_ci DEFAULT NULL,
  `details` text CHARACTER SET utf8mb4 COLLATE utf8mb4_unicode_ci DEFAULT NULL,
  `type` varchar(255) CHARACTER SET utf8mb4 COLLATE utf8mb4_unicode_ci DEFAULT NULL COMMENT 'plus, minus',
  `created_at` timestamp NULL DEFAULT NULL,
  `updated_at` timestamp NULL DEFAULT NULL
) ENGINE=InnoDB DEFAULT CHARSET=latin1;

--
-- Dumping data for table `transactions`
--

INSERT INTO `transactions` (`id`, `user_id`, `txn_number`, `amount`, `currency_sign`, `currency_code`, `currency_value`, `method`, `txnid`, `details`, `type`, `created_at`, `updated_at`) VALUES
(1, 13, 'p466552VgR', 100, 0x24, 'USD', 1, NULL, NULL, 'test', 'plus', '2020-01-27 03:15:52', '2020-01-27 03:15:52');

-- --------------------------------------------------------

--
-- Table structure for table `users`
--

CREATE TABLE `users` (
  `id` int(10) UNSIGNED NOT NULL,
  `name` varchar(191) COLLATE utf8mb4_unicode_ci NOT NULL,
  `photo` varchar(191) COLLATE utf8mb4_unicode_ci DEFAULT NULL,
  `zip` varchar(191) COLLATE utf8mb4_unicode_ci DEFAULT NULL,
  `city` varchar(191) COLLATE utf8mb4_unicode_ci DEFAULT NULL,
  `country` varchar(100) COLLATE utf8mb4_unicode_ci DEFAULT NULL,
  `state` varchar(191) COLLATE utf8mb4_unicode_ci DEFAULT NULL,
  `address` varchar(191) COLLATE utf8mb4_unicode_ci DEFAULT NULL,
  `phone` varchar(191) COLLATE utf8mb4_unicode_ci DEFAULT NULL,
  `fax` varchar(191) COLLATE utf8mb4_unicode_ci DEFAULT NULL,
  `email` varchar(191) COLLATE utf8mb4_unicode_ci NOT NULL,
  `password` varchar(191) COLLATE utf8mb4_unicode_ci DEFAULT NULL,
  `remember_token` varchar(100) COLLATE utf8mb4_unicode_ci DEFAULT NULL,
  `created_at` timestamp NULL DEFAULT NULL,
  `updated_at` timestamp NULL DEFAULT NULL,
  `is_provider` tinyint(10) NOT NULL DEFAULT 0,
  `status` tinyint(10) NOT NULL DEFAULT 0,
  `verification_link` text COLLATE utf8mb4_unicode_ci DEFAULT NULL,
  `email_verified` enum('Yes','No') COLLATE utf8mb4_unicode_ci NOT NULL DEFAULT 'No',
  `affilate_code` text COLLATE utf8mb4_unicode_ci DEFAULT NULL,
  `affilate_income` double NOT NULL DEFAULT 0,
  `shop_name` text COLLATE utf8mb4_unicode_ci DEFAULT NULL,
  `owner_name` text COLLATE utf8mb4_unicode_ci DEFAULT NULL,
  `shop_number` text COLLATE utf8mb4_unicode_ci DEFAULT NULL,
  `shop_address` text COLLATE utf8mb4_unicode_ci DEFAULT NULL,
  `reg_number` text COLLATE utf8mb4_unicode_ci DEFAULT NULL,
  `shop_message` text COLLATE utf8mb4_unicode_ci DEFAULT NULL,
  `shop_details` text COLLATE utf8mb4_unicode_ci DEFAULT NULL,
  `shop_image` varchar(191) COLLATE utf8mb4_unicode_ci DEFAULT NULL,
  `f_url` text COLLATE utf8mb4_unicode_ci DEFAULT NULL,
  `g_url` text COLLATE utf8mb4_unicode_ci DEFAULT NULL,
  `t_url` text COLLATE utf8mb4_unicode_ci DEFAULT NULL,
  `l_url` text COLLATE utf8mb4_unicode_ci DEFAULT NULL,
  `is_vendor` tinyint(1) NOT NULL DEFAULT 0,
  `f_check` tinyint(1) NOT NULL DEFAULT 0,
  `g_check` tinyint(1) NOT NULL DEFAULT 0,
  `t_check` tinyint(1) NOT NULL DEFAULT 0,
  `l_check` tinyint(1) NOT NULL DEFAULT 0,
  `mail_sent` tinyint(1) NOT NULL DEFAULT 0,
  `shipping_cost` double NOT NULL DEFAULT 0,
  `current_balance` double NOT NULL DEFAULT 0,
  `date` date DEFAULT NULL,
  `ban` tinyint(1) NOT NULL DEFAULT 0,
  `balance` decimal(11,2) NOT NULL DEFAULT 0.00
) ENGINE=InnoDB DEFAULT CHARSET=utf8mb4 COLLATE=utf8mb4_unicode_ci;

--
-- Dumping data for table `users`
--

INSERT INTO `users` (`id`, `name`, `photo`, `zip`, `city`, `country`, `state`, `address`, `phone`, `fax`, `email`, `password`, `remember_token`, `created_at`, `updated_at`, `is_provider`, `status`, `verification_link`, `email_verified`, `affilate_code`, `affilate_income`, `shop_name`, `owner_name`, `shop_number`, `shop_address`, `reg_number`, `shop_message`, `shop_details`, `shop_image`, `f_url`, `g_url`, `t_url`, `l_url`, `is_vendor`, `f_check`, `g_check`, `t_check`, `l_check`, `mail_sent`, `shipping_cost`, `current_balance`, `date`, `ban`, `balance`) VALUES
(13, 'Vendor', '1557677677bouquet_PNG62.png', '1234', NULL, 'Algeria', 'UN', NULL, '3453453345453411', '23123121', 'vendor@gmail.com', '$2y$10$.4NrvXAeyToa4x07EkFvS.XIUEc/aXGsxe1onkQ.Udms4Sl2W9ZYq', 'RB8I11SHW8Feb8wMAmq0cc7w2GG27ci9lHCIBOx4dL7ZqpYOvQ9u1YINllkV', '2018-03-07 18:05:44', '2020-02-01 03:16:55', 0, 2, '$2y$10$oIf1at.0LwscVwaX/8h.WuSwMKEAAsn8EJ.9P7mWzNUFIcEBQs8ry', 'Yes', '$2y$10$oIf1at.0LwscVwaX/8h.WuSwMKEAAsn8EJ.9P7mWzNUFIcEBQs8rysdfsdfds', 5020.799999999999, 'Test Stores', 'User', '43543534', 'Space Needle 400 Broad St, Seattles', 'asdasd', 'sdf', NULL, '1579424193adv-banner.jpg', NULL, NULL, NULL, NULL, 2, 0, 0, 0, 0, 1, 0, 5368.02, '2020-07-11', 0, '199.79'),
(22, 'User', NULL, '1231', 'Test City', 'United States', 'UN', 'Test Address', '34534534534', '34534534534', 'user@gmail.com', '$2y$10$.4NrvXAeyToa4x07EkFvS.XIUEc/aXGsxe1onkQ.Udms4Sl2W9ZYq', 'J61mUfH13adOBybknviuLXxojumujnVbmUT8jh45vssC6rVJnyVab4vkMOdO', '2019-06-20 12:26:24', '2020-02-01 01:13:22', 0, 0, '1edae93935fba69d9542192fb854a80a', 'Yes', '8f09b9691613ecb8c3f7e36e34b97b80', 4963.6900000000005, NULL, NULL, NULL, NULL, NULL, NULL, NULL, NULL, NULL, NULL, NULL, NULL, 0, 0, 0, 0, 0, 1, 0, 0, NULL, 0, '127674.18'),
(27, 'Test User', NULL, '1234', 'Test City', 'United Kingdom', 'UN', 'Space Needle 400 Broad St, Seattles', '34534534', '34534534', 'junajunnun@gmail.com', '$2y$10$pxNqceuvTvYLuwA.gZ15aejOTtXGHrDT7t2m8wfIZhNO1e52z7aLS', 'RdBI4RFgbKUzSDCo8mhI3LSz4oXURe8RNUizf7DXUEIO4sdVF35qJlLleDHn', '2019-10-05 04:15:08', '2020-01-12 01:36:22', 0, 0, '0521bba4c819528b6a18a581a5842f17', 'Yes', 'bb9d23401cd70f11998fe36ea7677797', 0, 'Test Store', 'User', '43543534', 'Space Needle 400 Broad St, Seattles', 'asdasd', 'ds', NULL, NULL, NULL, NULL, NULL, NULL, 2, 0, 0, 0, 0, 1, 0, 0, '2019-11-24', 0, '10000.00'),
(28, 'User', NULL, '1234', 'Test City', 'Algeria', 'UN', NULL, '34534534', '034534534', 'junnun@gmail.com', '$2y$10$YDfElg7O3K6eQK5enu.TBOyo.8TIr6Ynf9hFQ8dsIDeWAfmmg6hA.', 'pNFebTvEQ3jRaky9p7XnCetHs9aNFFG7nqRFho0U7nWrgT7phS6MoX8f9EYz', '2019-10-13 05:39:13', '2020-01-12 01:36:05', 0, 0, '8036978c6d71501e893ba7d3f3ecc15d', 'Yes', '33899bafa30292165430cb90b545728a', 0, NULL, NULL, NULL, NULL, NULL, NULL, NULL, NULL, NULL, NULL, NULL, NULL, 0, 0, 0, 0, 0, 0, 0, 0, NULL, 0, '9000.00'),
(29, 'Vitatli Lyappunov', NULL, NULL, NULL, NULL, NULL, 'sovetskaya', '8-890-345-198', NULL, 'lyappunov19@outlook.com', '$2y$10$jtFbtSa9nMeTX5cFPLeY0epmoFUSO7.DswsJLlau6uLowLz4qlNBW', '0dwI0KIHdYRpKRTXvDJqm0sPgyBQfozsjJmiedycbBCIKzfKG8pHJHanLfgU', '2020-11-07 16:48:36', '2020-11-24 05:28:13', 0, 0, 'b91b94bebf795d5b1097603ae7f8bbf1', 'Yes', '936baac5c22db69405fb5d9241f60613', 0, 'lyappunov\'s store', 'lyapponov', '1', 'sovetskaya', '123789', 'lyappunov19@outlook.com', '<br>', NULL, NULL, NULL, NULL, NULL, 2, 0, 0, 0, 0, 0, 0, 0, NULL, 0, '0.00'),
(30, 'support', NULL, NULL, NULL, NULL, NULL, 'sovetskaya', '8-890-769', NULL, 'jameshan125@outlook.com', '$2y$10$jtFbtSa9nMeTX5cFPLeY0epmoFUSO7.DswsJLlau6uLowLz4qlNBW', 'FSHxL10e5TjvFKzwwm55qiEUq0h2WGVGVM0j3TibKOv0hLRN5c4RcWI92uNm', '2020-11-07 17:01:59', '2020-11-07 17:01:59', 0, 0, '42c4cd828bfce81bea3ad2197edc3713', 'Yes', 'd26fcae44429f78c0cac5e97f7fa4fc7', 0, NULL, NULL, NULL, NULL, NULL, NULL, NULL, NULL, NULL, NULL, NULL, NULL, 0, 0, 0, 0, 0, 0, 0, 0, NULL, 0, '0.00'),
(34, 'Nikita Kulikov', NULL, NULL, NULL, NULL, NULL, 'sovetskaya, defgesf', '0283455678', NULL, 'kulikov328@outlook.com', '$2y$10$acPYNp./jgm03EGPvzMCwejdRB5x8NlOOUdUB7yLugynlR1V2DqQW', 'vZk2HbtVSw9deqm1PNiuPXLJt9QdohrlQwS8FqFLw631RiR8HLh1yS1KxHEu', '2020-11-21 19:37:59', '2020-11-27 02:54:29', 0, 0, '1972a06a16f7b5c0ceb467b3409d6646', 'Yes', 'c99dc0ca1cd170d26d2d672c7b489320', 0, 'Kulikov\'s Store', 'Kulikov', '5', 'kulikov street', '341289', NULL, NULL, NULL, NULL, NULL, NULL, NULL, 2, 0, 0, 0, 0, 1, 0, 0, '2020-12-26', 0, '0.00'),
(35, 'sonson', NULL, NULL, NULL, NULL, NULL, 'sovetskaya, defgesf', '435363', NULL, 'son@gmail.com', '$2y$10$VVTlURUMXw9QSj4AIajZHeOuMWd4.XUL8ojTV01NEpJZRmBGXpU62', 'K8CCAeqBsbX3LJ5b75pzC4v3h56RKWYIP4TSznlCPeYF3hJTG31pTk0agXbj', '2020-11-25 21:48:37', '2020-11-25 21:48:37', 0, 0, '82d3d5c968f4d93350e048aa5acab7d6', 'Yes', '2f8a5e6321ff2b918f83797219b64b7b', 0, NULL, NULL, NULL, NULL, NULL, NULL, NULL, NULL, NULL, NULL, NULL, NULL, 0, 0, 0, 0, 0, 0, 0, 0, NULL, 0, '0.00');

-- --------------------------------------------------------

--
-- Table structure for table `user_notifications`
--

CREATE TABLE `user_notifications` (
  `id` int(191) NOT NULL,
  `user_id` int(191) NOT NULL,
  `order_number` text CHARACTER SET utf8mb4 COLLATE utf8mb4_unicode_ci NOT NULL,
  `is_read` tinyint(1) NOT NULL DEFAULT 0,
  `created_at` timestamp NULL DEFAULT NULL,
  `updated_at` timestamp NULL DEFAULT NULL
) ENGINE=InnoDB DEFAULT CHARSET=latin1;

--
-- Dumping data for table `user_notifications`
--

INSERT INTO `user_notifications` (`id`, `user_id`, `order_number`, `is_read`, `created_at`, `updated_at`) VALUES
(1, 13, 'byeS1580541202', 0, '2020-02-01 01:13:22', '2020-02-01 01:13:22'),
(2, 13, '3CzM1580548569', 0, '2020-02-01 03:16:12', '2020-02-01 03:16:12');

-- --------------------------------------------------------

--
-- Table structure for table `user_subscriptions`
--

CREATE TABLE `user_subscriptions` (
  `id` int(191) NOT NULL,
  `user_id` int(191) NOT NULL,
  `subscription_id` int(191) NOT NULL,
  `title` text CHARACTER SET utf8mb4 COLLATE utf8mb4_unicode_ci NOT NULL,
  `currency` varchar(50) CHARACTER SET utf8mb4 COLLATE utf8mb4_unicode_ci NOT NULL,
  `currency_code` varchar(50) CHARACTER SET utf8mb4 COLLATE utf8mb4_unicode_ci NOT NULL,
  `price` double NOT NULL DEFAULT 0,
  `days` int(11) NOT NULL,
  `allowed_products` int(11) NOT NULL DEFAULT 0,
  `details` text CHARACTER SET utf8mb4 COLLATE utf8mb4_unicode_ci DEFAULT NULL,
  `method` varchar(50) CHARACTER SET utf8mb4 COLLATE utf8mb4_unicode_ci NOT NULL DEFAULT 'Free',
  `txnid` varchar(255) CHARACTER SET utf8mb4 COLLATE utf8mb4_unicode_ci DEFAULT NULL,
  `charge_id` varchar(255) CHARACTER SET utf8mb4 COLLATE utf8mb4_unicode_ci DEFAULT NULL,
  `flutter_id` text CHARACTER SET utf8mb4 COLLATE utf8mb4_unicode_ci DEFAULT NULL,
  `created_at` timestamp NULL DEFAULT NULL,
  `updated_at` timestamp NULL DEFAULT NULL,
  `status` int(11) NOT NULL DEFAULT 0,
  `payment_number` text CHARACTER SET utf8mb4 COLLATE utf8mb4_unicode_ci DEFAULT NULL
) ENGINE=InnoDB DEFAULT CHARSET=latin1;

--
-- Dumping data for table `user_subscriptions`
--

INSERT INTO `user_subscriptions` (`id`, `user_id`, `subscription_id`, `title`, `currency`, `currency_code`, `price`, `days`, `allowed_products`, `details`, `method`, `txnid`, `charge_id`, `flutter_id`, `created_at`, `updated_at`, `status`, `payment_number`) VALUES
(97, 29, 6, 'Gold', '$', 'CAD', 120, 90, 90, '<font color=\"#000000\">This is Gold level subscrioption.</font>', 'Flutterwave', NULL, NULL, 'L5XH1605948082', '2020-11-21 16:41:22', '2020-11-21 16:41:22', 0, NULL),
(104, 34, 8, 'Basic', '$', 'USD', 0, 30, 10, '<ol><li>Lorem ipsum dolor sit amet<br></li><li>Lorem ipsum dolor sit ame<br></li><li>Lorem ipsum dolor sit am<br></li></ol>', 'Free', NULL, NULL, NULL, '2020-11-27 02:54:29', '2020-11-27 02:54:29', 1, NULL);

-- --------------------------------------------------------

--
-- Table structure for table `vendor_orders`
--

CREATE TABLE `vendor_orders` (
  `id` int(191) NOT NULL,
  `user_id` int(191) NOT NULL,
  `order_id` int(191) NOT NULL,
  `qty` int(191) NOT NULL,
  `price` double NOT NULL,
  `order_number` varchar(191) CHARACTER SET utf8mb4 COLLATE utf8mb4_unicode_ci NOT NULL,
  `status` enum('pending','processing','completed','declined','on delivery') CHARACTER SET utf8mb4 COLLATE utf8mb4_unicode_ci NOT NULL DEFAULT 'pending'
) ENGINE=InnoDB DEFAULT CHARSET=latin1;

-- --------------------------------------------------------

--
-- Table structure for table `verifications`
--

CREATE TABLE `verifications` (
  `id` int(191) NOT NULL,
  `user_id` int(191) NOT NULL,
  `attachments` text CHARACTER SET utf8mb4 COLLATE utf8mb4_unicode_ci DEFAULT NULL,
  `status` enum('Pending','Verified','Declined') DEFAULT NULL,
  `text` text CHARACTER SET utf8mb4 COLLATE utf8mb4_unicode_ci DEFAULT NULL,
  `admin_warning` tinyint(1) NOT NULL DEFAULT 0,
  `warning_reason` text CHARACTER SET utf8mb4 COLLATE utf8mb4_unicode_ci DEFAULT NULL,
  `created_at` timestamp NULL DEFAULT NULL,
  `updated_at` timestamp NULL DEFAULT NULL
) ENGINE=InnoDB DEFAULT CHARSET=latin1;

--
-- Dumping data for table `verifications`
--

INSERT INTO `verifications` (`id`, `user_id`, `attachments`, `status`, `text`, `admin_warning`, `warning_reason`, `created_at`, `updated_at`) VALUES
(4, 13, '1573723849Baby.tux-800x800.png,1573723849Baby.tux-800x800.png', 'Verified', 'TEst', 0, NULL, '2019-11-14 03:30:49', '2019-11-14 03:34:06');

-- --------------------------------------------------------

--
-- Table structure for table `wishlists`
--

CREATE TABLE `wishlists` (
  `id` int(191) UNSIGNED NOT NULL,
  `user_id` int(191) UNSIGNED NOT NULL,
  `product_id` int(191) UNSIGNED NOT NULL
) ENGINE=InnoDB DEFAULT CHARSET=latin1;

-- --------------------------------------------------------

--
-- Table structure for table `withdraws`
--

CREATE TABLE `withdraws` (
  `id` int(191) NOT NULL,
  `user_id` int(191) DEFAULT NULL,
  `method` varchar(255) CHARACTER SET utf8mb4 COLLATE utf8mb4_unicode_ci DEFAULT NULL,
  `acc_email` varchar(255) CHARACTER SET utf8mb4 COLLATE utf8mb4_unicode_ci DEFAULT NULL,
  `iban` varchar(255) CHARACTER SET utf8mb4 COLLATE utf8mb4_unicode_ci DEFAULT NULL,
  `country` varchar(255) CHARACTER SET utf8mb4 COLLATE utf8mb4_unicode_ci DEFAULT NULL,
  `acc_name` varchar(255) CHARACTER SET utf8mb4 COLLATE utf8mb4_unicode_ci DEFAULT NULL,
  `address` text CHARACTER SET utf8mb4 COLLATE utf8mb4_unicode_ci DEFAULT NULL,
  `swift` varchar(255) CHARACTER SET utf8mb4 COLLATE utf8mb4_unicode_ci DEFAULT NULL,
  `reference` text CHARACTER SET utf8mb4 COLLATE utf8mb4_unicode_ci DEFAULT NULL,
  `amount` float DEFAULT NULL,
  `fee` float DEFAULT 0,
  `created_at` datetime DEFAULT NULL,
  `updated_at` datetime DEFAULT NULL,
  `status` enum('pending','completed','rejected') NOT NULL DEFAULT 'pending',
  `type` enum('user','vendor') NOT NULL
) ENGINE=InnoDB DEFAULT CHARSET=latin1;

--
-- Indexes for dumped tables
--

--
-- Indexes for table `admins`
--
ALTER TABLE `admins`
  ADD PRIMARY KEY (`id`),
  ADD UNIQUE KEY `admins_email_unique` (`email`);

--
-- Indexes for table `admin_languages`
--
ALTER TABLE `admin_languages`
  ADD PRIMARY KEY (`id`);

--
-- Indexes for table `admin_user_conversations`
--
ALTER TABLE `admin_user_conversations`
  ADD PRIMARY KEY (`id`);

--
-- Indexes for table `admin_user_messages`
--
ALTER TABLE `admin_user_messages`
  ADD PRIMARY KEY (`id`);

--
-- Indexes for table `attributes`
--
ALTER TABLE `attributes`
  ADD PRIMARY KEY (`id`);

--
-- Indexes for table `attribute_options`
--
ALTER TABLE `attribute_options`
  ADD PRIMARY KEY (`id`);

--
-- Indexes for table `banners`
--
ALTER TABLE `banners`
  ADD PRIMARY KEY (`id`);

--
-- Indexes for table `blogs`
--
ALTER TABLE `blogs`
  ADD PRIMARY KEY (`id`);

--
-- Indexes for table `blog_categories`
--
ALTER TABLE `blog_categories`
  ADD PRIMARY KEY (`id`);

--
-- Indexes for table `categories`
--
ALTER TABLE `categories`
  ADD PRIMARY KEY (`id`);

--
-- Indexes for table `childcategories`
--
ALTER TABLE `childcategories`
  ADD PRIMARY KEY (`id`);

--
-- Indexes for table `comments`
--
ALTER TABLE `comments`
  ADD PRIMARY KEY (`id`);

--
-- Indexes for table `conversations`
--
ALTER TABLE `conversations`
  ADD PRIMARY KEY (`id`);

--
-- Indexes for table `counters`
--
ALTER TABLE `counters`
  ADD PRIMARY KEY (`id`);

--
-- Indexes for table `countries`
--
ALTER TABLE `countries`
  ADD PRIMARY KEY (`id`);

--
-- Indexes for table `coupons`
--
ALTER TABLE `coupons`
  ADD PRIMARY KEY (`id`);

--
-- Indexes for table `currencies`
--
ALTER TABLE `currencies`
  ADD PRIMARY KEY (`id`);

--
-- Indexes for table `deposits`
--
ALTER TABLE `deposits`
  ADD PRIMARY KEY (`id`);

--
-- Indexes for table `email_templates`
--
ALTER TABLE `email_templates`
  ADD PRIMARY KEY (`id`);

--
-- Indexes for table `faqs`
--
ALTER TABLE `faqs`
  ADD PRIMARY KEY (`id`);

--
-- Indexes for table `favorite_sellers`
--
ALTER TABLE `favorite_sellers`
  ADD PRIMARY KEY (`id`);

--
-- Indexes for table `featured_banners`
--
ALTER TABLE `featured_banners`
  ADD PRIMARY KEY (`id`);

--
-- Indexes for table `featured_links`
--
ALTER TABLE `featured_links`
  ADD PRIMARY KEY (`id`);

--
-- Indexes for table `finance`
--
ALTER TABLE `finance`
  ADD PRIMARY KEY (`id`);

--
-- Indexes for table `galleries`
--
ALTER TABLE `galleries`
  ADD PRIMARY KEY (`id`);

--
-- Indexes for table `generalsettings`
--
ALTER TABLE `generalsettings`
  ADD PRIMARY KEY (`id`);

--
-- Indexes for table `languages`
--
ALTER TABLE `languages`
  ADD PRIMARY KEY (`id`);

--
-- Indexes for table `messages`
--
ALTER TABLE `messages`
  ADD PRIMARY KEY (`id`);

--
-- Indexes for table `notifications`
--
ALTER TABLE `notifications`
  ADD PRIMARY KEY (`id`);

--
-- Indexes for table `orders`
--
ALTER TABLE `orders`
  ADD PRIMARY KEY (`id`);

--
-- Indexes for table `order_tracks`
--
ALTER TABLE `order_tracks`
  ADD PRIMARY KEY (`id`);

--
-- Indexes for table `packages`
--
ALTER TABLE `packages`
  ADD PRIMARY KEY (`id`);

--
-- Indexes for table `pages`
--
ALTER TABLE `pages`
  ADD PRIMARY KEY (`id`);

--
-- Indexes for table `pagesettings`
--
ALTER TABLE `pagesettings`
  ADD PRIMARY KEY (`id`);

--
-- Indexes for table `partners`
--
ALTER TABLE `partners`
  ADD PRIMARY KEY (`id`);

--
-- Indexes for table `payment_gateways`
--
ALTER TABLE `payment_gateways`
  ADD PRIMARY KEY (`id`);

--
-- Indexes for table `pickups`
--
ALTER TABLE `pickups`
  ADD PRIMARY KEY (`id`);

--
-- Indexes for table `products`
--
ALTER TABLE `products`
  ADD PRIMARY KEY (`id`);
ALTER TABLE `products` ADD FULLTEXT KEY `name` (`name`);
ALTER TABLE `products` ADD FULLTEXT KEY `attributes` (`attributes`);

--
-- Indexes for table `product_clicks`
--
ALTER TABLE `product_clicks`
  ADD PRIMARY KEY (`id`);

--
-- Indexes for table `ratings`
--
ALTER TABLE `ratings`
  ADD PRIMARY KEY (`id`);

--
-- Indexes for table `replies`
--
ALTER TABLE `replies`
  ADD PRIMARY KEY (`id`);

--
-- Indexes for table `reports`
--
ALTER TABLE `reports`
  ADD PRIMARY KEY (`id`);

--
-- Indexes for table `reviews`
--
ALTER TABLE `reviews`
  ADD PRIMARY KEY (`id`);

--
-- Indexes for table `roles`
--
ALTER TABLE `roles`
  ADD PRIMARY KEY (`id`);

--
-- Indexes for table `seotools`
--
ALTER TABLE `seotools`
  ADD PRIMARY KEY (`id`);

--
-- Indexes for table `services`
--
ALTER TABLE `services`
  ADD PRIMARY KEY (`id`);

--
-- Indexes for table `shippings`
--
ALTER TABLE `shippings`
  ADD PRIMARY KEY (`id`);

--
-- Indexes for table `sliders`
--
ALTER TABLE `sliders`
  ADD PRIMARY KEY (`id`);

--
-- Indexes for table `socialsettings`
--
ALTER TABLE `socialsettings`
  ADD PRIMARY KEY (`id`);

--
-- Indexes for table `social_providers`
--
ALTER TABLE `social_providers`
  ADD PRIMARY KEY (`id`);

--
-- Indexes for table `subcategories`
--
ALTER TABLE `subcategories`
  ADD PRIMARY KEY (`id`);

--
-- Indexes for table `subscribers`
--
ALTER TABLE `subscribers`
  ADD PRIMARY KEY (`id`);

--
-- Indexes for table `subscriptions`
--
ALTER TABLE `subscriptions`
  ADD PRIMARY KEY (`id`);

--
-- Indexes for table `transactions`
--
ALTER TABLE `transactions`
  ADD PRIMARY KEY (`id`);

--
-- Indexes for table `users`
--
ALTER TABLE `users`
  ADD PRIMARY KEY (`id`),
  ADD UNIQUE KEY `users_email_unique` (`email`);

--
-- Indexes for table `user_notifications`
--
ALTER TABLE `user_notifications`
  ADD PRIMARY KEY (`id`);

--
-- Indexes for table `user_subscriptions`
--
ALTER TABLE `user_subscriptions`
  ADD PRIMARY KEY (`id`);

--
-- Indexes for table `vendor_orders`
--
ALTER TABLE `vendor_orders`
  ADD PRIMARY KEY (`id`);

--
-- Indexes for table `verifications`
--
ALTER TABLE `verifications`
  ADD PRIMARY KEY (`id`);

--
-- Indexes for table `wishlists`
--
ALTER TABLE `wishlists`
  ADD PRIMARY KEY (`id`);

--
-- Indexes for table `withdraws`
--
ALTER TABLE `withdraws`
  ADD PRIMARY KEY (`id`);

--
-- AUTO_INCREMENT for dumped tables
--

--
-- AUTO_INCREMENT for table `admins`
--
ALTER TABLE `admins`
  MODIFY `id` int(10) UNSIGNED NOT NULL AUTO_INCREMENT, AUTO_INCREMENT=8;

--
-- AUTO_INCREMENT for table `admin_languages`
--
ALTER TABLE `admin_languages`
  MODIFY `id` int(191) NOT NULL AUTO_INCREMENT, AUTO_INCREMENT=2;

--
-- AUTO_INCREMENT for table `admin_user_conversations`
--
ALTER TABLE `admin_user_conversations`
  MODIFY `id` int(191) NOT NULL AUTO_INCREMENT, AUTO_INCREMENT=10;

--
-- AUTO_INCREMENT for table `admin_user_messages`
--
ALTER TABLE `admin_user_messages`
  MODIFY `id` int(191) NOT NULL AUTO_INCREMENT, AUTO_INCREMENT=11;

--
-- AUTO_INCREMENT for table `attributes`
--
ALTER TABLE `attributes`
  MODIFY `id` int(11) NOT NULL AUTO_INCREMENT, AUTO_INCREMENT=45;

--
-- AUTO_INCREMENT for table `attribute_options`
--
ALTER TABLE `attribute_options`
  MODIFY `id` int(11) NOT NULL AUTO_INCREMENT, AUTO_INCREMENT=307;

--
-- AUTO_INCREMENT for table `banners`
--
ALTER TABLE `banners`
  MODIFY `id` int(191) NOT NULL AUTO_INCREMENT, AUTO_INCREMENT=7;

--
-- AUTO_INCREMENT for table `blogs`
--
ALTER TABLE `blogs`
  MODIFY `id` int(10) UNSIGNED NOT NULL AUTO_INCREMENT, AUTO_INCREMENT=26;

--
-- AUTO_INCREMENT for table `blog_categories`
--
ALTER TABLE `blog_categories`
  MODIFY `id` int(191) NOT NULL AUTO_INCREMENT, AUTO_INCREMENT=9;

--
-- AUTO_INCREMENT for table `categories`
--
ALTER TABLE `categories`
  MODIFY `id` int(191) NOT NULL AUTO_INCREMENT, AUTO_INCREMENT=24;

--
-- AUTO_INCREMENT for table `childcategories`
--
ALTER TABLE `childcategories`
  MODIFY `id` int(191) NOT NULL AUTO_INCREMENT, AUTO_INCREMENT=17;

--
-- AUTO_INCREMENT for table `comments`
--
ALTER TABLE `comments`
  MODIFY `id` int(191) NOT NULL AUTO_INCREMENT;

--
-- AUTO_INCREMENT for table `conversations`
--
ALTER TABLE `conversations`
  MODIFY `id` int(191) NOT NULL AUTO_INCREMENT, AUTO_INCREMENT=3;

--
-- AUTO_INCREMENT for table `counters`
--
ALTER TABLE `counters`
  MODIFY `id` int(11) NOT NULL AUTO_INCREMENT, AUTO_INCREMENT=19;

--
-- AUTO_INCREMENT for table `countries`
--
ALTER TABLE `countries`
  MODIFY `id` int(11) NOT NULL AUTO_INCREMENT, AUTO_INCREMENT=247;

--
-- AUTO_INCREMENT for table `coupons`
--
ALTER TABLE `coupons`
  MODIFY `id` int(11) NOT NULL AUTO_INCREMENT, AUTO_INCREMENT=7;

--
-- AUTO_INCREMENT for table `currencies`
--
ALTER TABLE `currencies`
  MODIFY `id` int(191) NOT NULL AUTO_INCREMENT, AUTO_INCREMENT=11;

--
-- AUTO_INCREMENT for table `deposits`
--
ALTER TABLE `deposits`
  MODIFY `id` int(11) NOT NULL AUTO_INCREMENT;

--
-- AUTO_INCREMENT for table `email_templates`
--
ALTER TABLE `email_templates`
  MODIFY `id` int(11) NOT NULL AUTO_INCREMENT, AUTO_INCREMENT=7;

--
-- AUTO_INCREMENT for table `faqs`
--
ALTER TABLE `faqs`
  MODIFY `id` int(10) UNSIGNED NOT NULL AUTO_INCREMENT, AUTO_INCREMENT=8;

--
-- AUTO_INCREMENT for table `favorite_sellers`
--
ALTER TABLE `favorite_sellers`
  MODIFY `id` int(191) NOT NULL AUTO_INCREMENT, AUTO_INCREMENT=3;

--
-- AUTO_INCREMENT for table `featured_banners`
--
ALTER TABLE `featured_banners`
  MODIFY `id` int(191) NOT NULL AUTO_INCREMENT, AUTO_INCREMENT=16;

--
-- AUTO_INCREMENT for table `featured_links`
--
ALTER TABLE `featured_links`
  MODIFY `id` int(191) NOT NULL AUTO_INCREMENT, AUTO_INCREMENT=22;

--
-- AUTO_INCREMENT for table `finance`
--
ALTER TABLE `finance`
  MODIFY `id` int(11) NOT NULL AUTO_INCREMENT, AUTO_INCREMENT=23;

--
-- AUTO_INCREMENT for table `galleries`
--
ALTER TABLE `galleries`
  MODIFY `id` int(191) UNSIGNED NOT NULL AUTO_INCREMENT, AUTO_INCREMENT=204;

--
-- AUTO_INCREMENT for table `generalsettings`
--
ALTER TABLE `generalsettings`
  MODIFY `id` int(191) NOT NULL AUTO_INCREMENT, AUTO_INCREMENT=2;

--
-- AUTO_INCREMENT for table `languages`
--
ALTER TABLE `languages`
  MODIFY `id` int(191) NOT NULL AUTO_INCREMENT, AUTO_INCREMENT=12;

--
-- AUTO_INCREMENT for table `messages`
--
ALTER TABLE `messages`
  MODIFY `id` int(191) NOT NULL AUTO_INCREMENT, AUTO_INCREMENT=4;

--
-- AUTO_INCREMENT for table `notifications`
--
ALTER TABLE `notifications`
  MODIFY `id` int(191) NOT NULL AUTO_INCREMENT, AUTO_INCREMENT=18;

--
-- AUTO_INCREMENT for table `orders`
--
ALTER TABLE `orders`
  MODIFY `id` int(11) NOT NULL AUTO_INCREMENT, AUTO_INCREMENT=3;

--
-- AUTO_INCREMENT for table `order_tracks`
--
ALTER TABLE `order_tracks`
  MODIFY `id` int(191) NOT NULL AUTO_INCREMENT, AUTO_INCREMENT=4;

--
-- AUTO_INCREMENT for table `packages`
--
ALTER TABLE `packages`
  MODIFY `id` int(191) NOT NULL AUTO_INCREMENT, AUTO_INCREMENT=5;

--
-- AUTO_INCREMENT for table `pages`
--
ALTER TABLE `pages`
  MODIFY `id` int(191) NOT NULL AUTO_INCREMENT, AUTO_INCREMENT=5;

--
-- AUTO_INCREMENT for table `pagesettings`
--
ALTER TABLE `pagesettings`
  MODIFY `id` int(10) UNSIGNED NOT NULL AUTO_INCREMENT, AUTO_INCREMENT=2;

--
-- AUTO_INCREMENT for table `partners`
--
ALTER TABLE `partners`
  MODIFY `id` int(191) NOT NULL AUTO_INCREMENT, AUTO_INCREMENT=21;

--
-- AUTO_INCREMENT for table `payment_gateways`
--
ALTER TABLE `payment_gateways`
  MODIFY `id` int(191) NOT NULL AUTO_INCREMENT, AUTO_INCREMENT=47;

--
-- AUTO_INCREMENT for table `pickups`
--
ALTER TABLE `pickups`
  MODIFY `id` int(191) UNSIGNED NOT NULL AUTO_INCREMENT, AUTO_INCREMENT=7;

--
-- AUTO_INCREMENT for table `products`
--
ALTER TABLE `products`
  MODIFY `id` int(191) UNSIGNED NOT NULL AUTO_INCREMENT, AUTO_INCREMENT=196;

--
-- AUTO_INCREMENT for table `product_clicks`
--
ALTER TABLE `product_clicks`
  MODIFY `id` int(191) NOT NULL AUTO_INCREMENT, AUTO_INCREMENT=196;

--
-- AUTO_INCREMENT for table `ratings`
--
ALTER TABLE `ratings`
  MODIFY `id` int(191) NOT NULL AUTO_INCREMENT;

--
-- AUTO_INCREMENT for table `replies`
--
ALTER TABLE `replies`
  MODIFY `id` int(11) NOT NULL AUTO_INCREMENT;

--
-- AUTO_INCREMENT for table `reports`
--
ALTER TABLE `reports`
  MODIFY `id` int(191) NOT NULL AUTO_INCREMENT;

--
-- AUTO_INCREMENT for table `reviews`
--
ALTER TABLE `reviews`
  MODIFY `id` int(10) UNSIGNED NOT NULL AUTO_INCREMENT, AUTO_INCREMENT=7;

--
-- AUTO_INCREMENT for table `roles`
--
ALTER TABLE `roles`
  MODIFY `id` int(191) NOT NULL AUTO_INCREMENT, AUTO_INCREMENT=19;

--
-- AUTO_INCREMENT for table `seotools`
--
ALTER TABLE `seotools`
  MODIFY `id` int(10) UNSIGNED NOT NULL AUTO_INCREMENT, AUTO_INCREMENT=2;

--
-- AUTO_INCREMENT for table `services`
--
ALTER TABLE `services`
  MODIFY `id` int(191) NOT NULL AUTO_INCREMENT, AUTO_INCREMENT=10;

--
-- AUTO_INCREMENT for table `shippings`
--
ALTER TABLE `shippings`
  MODIFY `id` int(11) NOT NULL AUTO_INCREMENT, AUTO_INCREMENT=3;

--
-- AUTO_INCREMENT for table `sliders`
--
ALTER TABLE `sliders`
  MODIFY `id` int(191) UNSIGNED NOT NULL AUTO_INCREMENT, AUTO_INCREMENT=11;

--
-- AUTO_INCREMENT for table `socialsettings`
--
ALTER TABLE `socialsettings`
  MODIFY `id` int(10) UNSIGNED NOT NULL AUTO_INCREMENT, AUTO_INCREMENT=2;

--
-- AUTO_INCREMENT for table `social_providers`
--
ALTER TABLE `social_providers`
  MODIFY `id` int(191) NOT NULL AUTO_INCREMENT;

--
-- AUTO_INCREMENT for table `subcategories`
--
ALTER TABLE `subcategories`
  MODIFY `id` int(191) NOT NULL AUTO_INCREMENT, AUTO_INCREMENT=18;

--
-- AUTO_INCREMENT for table `subscribers`
--
ALTER TABLE `subscribers`
  MODIFY `id` int(191) NOT NULL AUTO_INCREMENT;

--
-- AUTO_INCREMENT for table `subscriptions`
--
ALTER TABLE `subscriptions`
  MODIFY `id` int(11) NOT NULL AUTO_INCREMENT, AUTO_INCREMENT=9;

--
-- AUTO_INCREMENT for table `transactions`
--
ALTER TABLE `transactions`
  MODIFY `id` int(11) NOT NULL AUTO_INCREMENT, AUTO_INCREMENT=2;

--
-- AUTO_INCREMENT for table `users`
--
ALTER TABLE `users`
  MODIFY `id` int(10) UNSIGNED NOT NULL AUTO_INCREMENT, AUTO_INCREMENT=36;

--
-- AUTO_INCREMENT for table `user_notifications`
--
ALTER TABLE `user_notifications`
  MODIFY `id` int(191) NOT NULL AUTO_INCREMENT, AUTO_INCREMENT=3;

--
-- AUTO_INCREMENT for table `user_subscriptions`
--
ALTER TABLE `user_subscriptions`
  MODIFY `id` int(191) NOT NULL AUTO_INCREMENT, AUTO_INCREMENT=105;

--
-- AUTO_INCREMENT for table `vendor_orders`
--
ALTER TABLE `vendor_orders`
  MODIFY `id` int(191) NOT NULL AUTO_INCREMENT, AUTO_INCREMENT=3;

--
-- AUTO_INCREMENT for table `verifications`
--
ALTER TABLE `verifications`
  MODIFY `id` int(191) NOT NULL AUTO_INCREMENT, AUTO_INCREMENT=5;

--
-- AUTO_INCREMENT for table `wishlists`
--
ALTER TABLE `wishlists`
  MODIFY `id` int(191) UNSIGNED NOT NULL AUTO_INCREMENT;

--
-- AUTO_INCREMENT for table `withdraws`
--
ALTER TABLE `withdraws`
  MODIFY `id` int(191) NOT NULL AUTO_INCREMENT;
COMMIT;

/*!40101 SET CHARACTER_SET_CLIENT=@OLD_CHARACTER_SET_CLIENT */;
/*!40101 SET CHARACTER_SET_RESULTS=@OLD_CHARACTER_SET_RESULTS */;
/*!40101 SET COLLATION_CONNECTION=@OLD_COLLATION_CONNECTION */;
